"Aa en Hunze;""Overledenen: geslacht|Mannen en vrouwen"";""aantal"";""280"""
"Aalburg;""Overledenen: geslacht|Mannen en vrouwen"";""aantal"";"""""
"Aalsmeer;""Overledenen: geslacht|Mannen en vrouwen"";""aantal"";""270"""
"Aalten;""Overledenen: geslacht|Mannen en vrouwen"";""aantal"";""256"""
"Ter Aar;""Overledenen: geslacht|Mannen en vrouwen"";""aantal"";"""""
"Aardenburg;""Overledenen: geslacht|Mannen en vrouwen"";""aantal"";"""""
"Aarle-Rixtel;""Overledenen: geslacht|Mannen en vrouwen"";""aantal"";"""""
"Abcoude;""Overledenen: geslacht|Mannen en vrouwen"";""aantal"";"""""
"Achtkarspelen;""Overledenen: geslacht|Mannen en vrouwen"";""aantal"";""234"""
"Adorp;""Overledenen: geslacht|Mannen en vrouwen"";""aantal"";"""""
"Aduard;""Overledenen: geslacht|Mannen en vrouwen"";""aantal"";"""""
"Akersloot;""Overledenen: geslacht|Mannen en vrouwen"";""aantal"";"""""
"Alblasserdam;""Overledenen: geslacht|Mannen en vrouwen"";""aantal"";""193"""
"Albrandswaard;""Overledenen: geslacht|Mannen en vrouwen"";""aantal"";""157"""
"Alkemade;""Overledenen: geslacht|Mannen en vrouwen"";""aantal"";"""""
"Alkmaar;""Overledenen: geslacht|Mannen en vrouwen"";""aantal"";""899"""
"Almelo;""Overledenen: geslacht|Mannen en vrouwen"";""aantal"";""702"""
"Almere;""Overledenen: geslacht|Mannen en vrouwen"";""aantal"";""1025"""
"Alphen aan den Rijn;""Overledenen: geslacht|Mannen en vrouwen"";""aantal"";""869"""
"Alphen en Riel;""Overledenen: geslacht|Mannen en vrouwen"";""aantal"";"""""
"Alphen-Chaam;""Overledenen: geslacht|Mannen en vrouwen"";""aantal"";""94"""
"Altena;""Overledenen: geslacht|Mannen en vrouwen"";""aantal"";""444"""
"Ambt Delden;""Overledenen: geslacht|Mannen en vrouwen"";""aantal"";"""""
"Ambt Montfort;""Overledenen: geslacht|Mannen en vrouwen"";""aantal"";"""""
"Ameland;""Overledenen: geslacht|Mannen en vrouwen"";""aantal"";""26"""
"Amerongen;""Overledenen: geslacht|Mannen en vrouwen"";""aantal"";"""""
"Amersfoort;""Overledenen: geslacht|Mannen en vrouwen"";""aantal"";""1082"""
"Ammerzoden;""Overledenen: geslacht|Mannen en vrouwen"";""aantal"";"""""
"Amstelveen;""Overledenen: geslacht|Mannen en vrouwen"";""aantal"";""790"""
"Amsterdam;""Overledenen: geslacht|Mannen en vrouwen"";""aantal"";""5248"""
"Andijk;""Overledenen: geslacht|Mannen en vrouwen"";""aantal"";"""""
"Angerlo;""Overledenen: geslacht|Mannen en vrouwen"";""aantal"";"""""
"Anloo;""Overledenen: geslacht|Mannen en vrouwen"";""aantal"";"""""
"Anna Paulowna;""Overledenen: geslacht|Mannen en vrouwen"";""aantal"";"""""
"Apeldoorn;""Overledenen: geslacht|Mannen en vrouwen"";""aantal"";""1614"""
"Appingedam;""Overledenen: geslacht|Mannen en vrouwen"";""aantal"";""157"""
"Arcen en Velden;""Overledenen: geslacht|Mannen en vrouwen"";""aantal"";"""""
"Arnemuiden;""Overledenen: geslacht|Mannen en vrouwen"";""aantal"";"""""
"Arnhem;""Overledenen: geslacht|Mannen en vrouwen"";""aantal"";""1327"""
"Assen;""Overledenen: geslacht|Mannen en vrouwen"";""aantal"";""657"""
"Asten;""Overledenen: geslacht|Mannen en vrouwen"";""aantal"";""151"""
"Avereest;""Overledenen: geslacht|Mannen en vrouwen"";""aantal"";"""""
"Axel;""Overledenen: geslacht|Mannen en vrouwen"";""aantal"";"""""
"Baarle-Nassau;""Overledenen: geslacht|Mannen en vrouwen"";""aantal"";""70"""
"Baarn;""Overledenen: geslacht|Mannen en vrouwen"";""aantal"";""317"""
"Baexem;""Overledenen: geslacht|Mannen en vrouwen"";""aantal"";"""""
"Baflo;""Overledenen: geslacht|Mannen en vrouwen"";""aantal"";"""""
"Bakel en Milheeze;""Overledenen: geslacht|Mannen en vrouwen"";""aantal"";"""""
"Barendrecht;""Overledenen: geslacht|Mannen en vrouwen"";""aantal"";""309"""
"Barneveld;""Overledenen: geslacht|Mannen en vrouwen"";""aantal"";""466"""
"Barsingerhorn;""Overledenen: geslacht|Mannen en vrouwen"";""aantal"";"""""
"Bathmen;""Overledenen: geslacht|Mannen en vrouwen"";""aantal"";"""""
"Bedum;""Overledenen: geslacht|Mannen en vrouwen"";""aantal"";"""""
"Beegden;""Overledenen: geslacht|Mannen en vrouwen"";""aantal"";"""""
"Beek (L.);""Overledenen: geslacht|Mannen en vrouwen"";""aantal"";""184"""
"Beek en Donk;""Overledenen: geslacht|Mannen en vrouwen"";""aantal"";"""""
"Beekdaelen;""Overledenen: geslacht|Mannen en vrouwen"";""aantal"";""381"""
"Beemster;""Overledenen: geslacht|Mannen en vrouwen"";""aantal"";""62"""
"Beers;""Overledenen: geslacht|Mannen en vrouwen"";""aantal"";"""""
"Beerta;""Overledenen: geslacht|Mannen en vrouwen"";""aantal"";"""""
"Beesel;""Overledenen: geslacht|Mannen en vrouwen"";""aantal"";""117"""
"Beilen;""Overledenen: geslacht|Mannen en vrouwen"";""aantal"";"""""
"Belfeld;""Overledenen: geslacht|Mannen en vrouwen"";""aantal"";"""""
"Bellingwedde;""Overledenen: geslacht|Mannen en vrouwen"";""aantal"";"""""
"Bemmel;""Overledenen: geslacht|Mannen en vrouwen"";""aantal"";"""""
"Bennebroek;""Overledenen: geslacht|Mannen en vrouwen"";""aantal"";"""""
"Benschop;""Overledenen: geslacht|Mannen en vrouwen"";""aantal"";"""""
"Benthuizen;""Overledenen: geslacht|Mannen en vrouwen"";""aantal"";"""""
"Berg en Dal;""Overledenen: geslacht|Mannen en vrouwen"";""aantal"";""447"""
"Bergambacht;""Overledenen: geslacht|Mannen en vrouwen"";""aantal"";"""""
"Bergeijk;""Overledenen: geslacht|Mannen en vrouwen"";""aantal"";""142"""
"Bergen (L.);""Overledenen: geslacht|Mannen en vrouwen"";""aantal"";""152"""
"Bergen (NH.);""Overledenen: geslacht|Mannen en vrouwen"";""aantal"";""424"""
"Bergen op Zoom;""Overledenen: geslacht|Mannen en vrouwen"";""aantal"";""621"""
"Bergeyk;""Overledenen: geslacht|Mannen en vrouwen"";""aantal"";"""""
"Bergh;""Overledenen: geslacht|Mannen en vrouwen"";""aantal"";"""""
"Berghem;""Overledenen: geslacht|Mannen en vrouwen"";""aantal"";"""""
"Bergschenhoek;""Overledenen: geslacht|Mannen en vrouwen"";""aantal"";"""""
"Berkel en Rodenrijs;""Overledenen: geslacht|Mannen en vrouwen"";""aantal"";"""""
"Berkel-Enschot;""Overledenen: geslacht|Mannen en vrouwen"";""aantal"";"""""
"Berkelland;""Overledenen: geslacht|Mannen en vrouwen"";""aantal"";""479"""
"Berlicum;""Overledenen: geslacht|Mannen en vrouwen"";""aantal"";"""""
"Bernheze;""Overledenen: geslacht|Mannen en vrouwen"";""aantal"";""278"""
"Bernisse;""Overledenen: geslacht|Mannen en vrouwen"";""aantal"";"""""
"Best;""Overledenen: geslacht|Mannen en vrouwen"";""aantal"";""249"""
"Beuningen;""Overledenen: geslacht|Mannen en vrouwen"";""aantal"";""238"""
"Beverwijk;""Overledenen: geslacht|Mannen en vrouwen"";""aantal"";""399"""
"Bierum;""Overledenen: geslacht|Mannen en vrouwen"";""aantal"";"""""
"het Bildt;""Overledenen: geslacht|Mannen en vrouwen"";""aantal"";"""""
"De Bilt;""Overledenen: geslacht|Mannen en vrouwen"";""aantal"";""514"""
"Binnenmaas;""Overledenen: geslacht|Mannen en vrouwen"";""aantal"";"""""
"Bladel;""Overledenen: geslacht|Mannen en vrouwen"";""aantal"";""171"""
"Bladel en Netersel;""Overledenen: geslacht|Mannen en vrouwen"";""aantal"";"""""
"Blaricum;""Overledenen: geslacht|Mannen en vrouwen"";""aantal"";""85"""
"Bleiswijk;""Overledenen: geslacht|Mannen en vrouwen"";""aantal"";"""""
"Bloemendaal;""Overledenen: geslacht|Mannen en vrouwen"";""aantal"";""299"""
"Boarnsterhim;""Overledenen: geslacht|Mannen en vrouwen"";""aantal"";"""""
"Bodegraven;""Overledenen: geslacht|Mannen en vrouwen"";""aantal"";"""""
"Bodegraven-Reeuwijk;""Overledenen: geslacht|Mannen en vrouwen"";""aantal"";""272"""
"Boekel;""Overledenen: geslacht|Mannen en vrouwen"";""aantal"";""90"""
"Ten Boer;""Overledenen: geslacht|Mannen en vrouwen"";""aantal"";"""""
"Bolsward;""Overledenen: geslacht|Mannen en vrouwen"";""aantal"";"""""
"Borculo;""Overledenen: geslacht|Mannen en vrouwen"";""aantal"";"""""
"Borger;""Overledenen: geslacht|Mannen en vrouwen"";""aantal"";"""""
"Borger-Odoorn;""Overledenen: geslacht|Mannen en vrouwen"";""aantal"";""262"""
"Born;""Overledenen: geslacht|Mannen en vrouwen"";""aantal"";"""""
"Borne;""Overledenen: geslacht|Mannen en vrouwen"";""aantal"";""211"""
"Borsele;""Overledenen: geslacht|Mannen en vrouwen"";""aantal"";""177"""
"Boskoop;""Overledenen: geslacht|Mannen en vrouwen"";""aantal"";"""""
"Boxmeer;""Overledenen: geslacht|Mannen en vrouwen"";""aantal"";""265"""
"Boxtel;""Overledenen: geslacht|Mannen en vrouwen"";""aantal"";""306"""
"Brakel;""Overledenen: geslacht|Mannen en vrouwen"";""aantal"";"""""
"Breda;""Overledenen: geslacht|Mannen en vrouwen"";""aantal"";""1691"""
"Brederwiede;""Overledenen: geslacht|Mannen en vrouwen"";""aantal"";"""""
"Breukelen;""Overledenen: geslacht|Mannen en vrouwen"";""aantal"";"""""
"Brielle;""Overledenen: geslacht|Mannen en vrouwen"";""aantal"";""159"""
"Broek in Waterland;""Overledenen: geslacht|Mannen en vrouwen"";""aantal"";"""""
"Broekhuizen;""Overledenen: geslacht|Mannen en vrouwen"";""aantal"";"""""
"Bronckhorst;""Overledenen: geslacht|Mannen en vrouwen"";""aantal"";""351"""
"Brouwershaven;""Overledenen: geslacht|Mannen en vrouwen"";""aantal"";"""""
"Bruinisse;""Overledenen: geslacht|Mannen en vrouwen"";""aantal"";"""""
"Brummen;""Overledenen: geslacht|Mannen en vrouwen"";""aantal"";""222"""
"Brunssum;""Overledenen: geslacht|Mannen en vrouwen"";""aantal"";""331"""
"Budel;""Overledenen: geslacht|Mannen en vrouwen"";""aantal"";"""""
"Bunnik;""Overledenen: geslacht|Mannen en vrouwen"";""aantal"";""98"""
"Bunschoten;""Overledenen: geslacht|Mannen en vrouwen"";""aantal"";""136"""
"Buren;""Overledenen: geslacht|Mannen en vrouwen"";""aantal"";""213"""
"Bussum;""Overledenen: geslacht|Mannen en vrouwen"";""aantal"";"""""
"Callantsoog;""Overledenen: geslacht|Mannen en vrouwen"";""aantal"";"""""
"Capelle aan den IJssel;""Overledenen: geslacht|Mannen en vrouwen"";""aantal"";""609"""
"Castricum;""Overledenen: geslacht|Mannen en vrouwen"";""aantal"";""339"""
"Chaam;""Overledenen: geslacht|Mannen en vrouwen"";""aantal"";"""""
"Coevorden;""Overledenen: geslacht|Mannen en vrouwen"";""aantal"";""408"""
"Cothen;""Overledenen: geslacht|Mannen en vrouwen"";""aantal"";"""""
"Cranendonck;""Overledenen: geslacht|Mannen en vrouwen"";""aantal"";""187"""
"Cromstrijen;""Overledenen: geslacht|Mannen en vrouwen"";""aantal"";"""""
"Cuijk;""Overledenen: geslacht|Mannen en vrouwen"";""aantal"";""216"""
"Cuijk en Sint Agatha;""Overledenen: geslacht|Mannen en vrouwen"";""aantal"";"""""
"Culemborg;""Overledenen: geslacht|Mannen en vrouwen"";""aantal"";""249"""
"Dalen;""Overledenen: geslacht|Mannen en vrouwen"";""aantal"";"""""
"Dalfsen;""Overledenen: geslacht|Mannen en vrouwen"";""aantal"";""223"""
"Dantumadeel;""Overledenen: geslacht|Mannen en vrouwen"";""aantal"";"""""
"Dantumadiel;""Overledenen: geslacht|Mannen en vrouwen"";""aantal"";""201"""
"Delft;""Overledenen: geslacht|Mannen en vrouwen"";""aantal"";""728"""
"Delfzijl;""Overledenen: geslacht|Mannen en vrouwen"";""aantal"";""305"""
"Denekamp;""Overledenen: geslacht|Mannen en vrouwen"";""aantal"";"""""
"Deurne;""Overledenen: geslacht|Mannen en vrouwen"";""aantal"";""301"""
"Deventer;""Overledenen: geslacht|Mannen en vrouwen"";""aantal"";""940"""
"Didam;""Overledenen: geslacht|Mannen en vrouwen"";""aantal"";"""""
"Diemen;""Overledenen: geslacht|Mannen en vrouwen"";""aantal"";""220"""
"Diepenheim;""Overledenen: geslacht|Mannen en vrouwen"";""aantal"";"""""
"Diepenveen;""Overledenen: geslacht|Mannen en vrouwen"";""aantal"";"""""
"Diessen;""Overledenen: geslacht|Mannen en vrouwen"";""aantal"";"""""
"Diever;""Overledenen: geslacht|Mannen en vrouwen"";""aantal"";"""""
"Dinkelland;""Overledenen: geslacht|Mannen en vrouwen"";""aantal"";""245"""
"Dinteloord en Prinsenland;""Overledenen: geslacht|Mannen en vrouwen"";""aantal"";"""""
"Dinxperlo;""Overledenen: geslacht|Mannen en vrouwen"";""aantal"";"""""
"Dirksland;""Overledenen: geslacht|Mannen en vrouwen"";""aantal"";"""""
"Dodewaard;""Overledenen: geslacht|Mannen en vrouwen"";""aantal"";"""""
"Doesburg;""Overledenen: geslacht|Mannen en vrouwen"";""aantal"";""94"""
"Doetinchem;""Overledenen: geslacht|Mannen en vrouwen"";""aantal"";""556"""
"Domburg;""Overledenen: geslacht|Mannen en vrouwen"";""aantal"";"""""
"Dongen;""Overledenen: geslacht|Mannen en vrouwen"";""aantal"";""257"""
"Dongeradeel;""Overledenen: geslacht|Mannen en vrouwen"";""aantal"";"""""
"Doorn;""Overledenen: geslacht|Mannen en vrouwen"";""aantal"";"""""
"Dordrecht;""Overledenen: geslacht|Mannen en vrouwen"";""aantal"";""1093"""
"Drechterland;""Overledenen: geslacht|Mannen en vrouwen"";""aantal"";""148"""
"Driebergen-Rijsenburg;""Overledenen: geslacht|Mannen en vrouwen"";""aantal"";"""""
"Driebruggen;""Overledenen: geslacht|Mannen en vrouwen"";""aantal"";"""""
"Drimmelen;""Overledenen: geslacht|Mannen en vrouwen"";""aantal"";""241"""
"Dronten;""Overledenen: geslacht|Mannen en vrouwen"";""aantal"";""299"""
"Drunen;""Overledenen: geslacht|Mannen en vrouwen"";""aantal"";"""""
"Druten;""Overledenen: geslacht|Mannen en vrouwen"";""aantal"";""145"""
"Duiveland;""Overledenen: geslacht|Mannen en vrouwen"";""aantal"";"""""
"Duiven;""Overledenen: geslacht|Mannen en vrouwen"";""aantal"";""193"""
"Den Dungen;""Overledenen: geslacht|Mannen en vrouwen"";""aantal"";"""""
"Dussen;""Overledenen: geslacht|Mannen en vrouwen"";""aantal"";"""""
"Dwingeloo;""Overledenen: geslacht|Mannen en vrouwen"";""aantal"";"""""
"Echt;""Overledenen: geslacht|Mannen en vrouwen"";""aantal"";"""""
"Echteld;""Overledenen: geslacht|Mannen en vrouwen"";""aantal"";"""""
"Echt-Susteren;""Overledenen: geslacht|Mannen en vrouwen"";""aantal"";""366"""
"Edam-Volendam;""Overledenen: geslacht|Mannen en vrouwen"";""aantal"";""303"""
"Ede;""Overledenen: geslacht|Mannen en vrouwen"";""aantal"";""924"""
"Eelde;""Overledenen: geslacht|Mannen en vrouwen"";""aantal"";"""""
"Eemnes;""Overledenen: geslacht|Mannen en vrouwen"";""aantal"";""74"""
"Eemsmond;""Overledenen: geslacht|Mannen en vrouwen"";""aantal"";"""""
"Eenrum;""Overledenen: geslacht|Mannen en vrouwen"";""aantal"";"""""
"Eersel;""Overledenen: geslacht|Mannen en vrouwen"";""aantal"";""167"""
"Egmond;""Overledenen: geslacht|Mannen en vrouwen"";""aantal"";"""""
"Eibergen;""Overledenen: geslacht|Mannen en vrouwen"";""aantal"";"""""
"Eijsden;""Overledenen: geslacht|Mannen en vrouwen"";""aantal"";"""""
"Eijsden-Margraten;""Overledenen: geslacht|Mannen en vrouwen"";""aantal"";""234"""
"Eindhoven;""Overledenen: geslacht|Mannen en vrouwen"";""aantal"";""1993"""
"Elburg;""Overledenen: geslacht|Mannen en vrouwen"";""aantal"";""212"""
"Elst;""Overledenen: geslacht|Mannen en vrouwen"";""aantal"";"""""
"Emmen;""Overledenen: geslacht|Mannen en vrouwen"";""aantal"";""1173"""
"Enkhuizen;""Overledenen: geslacht|Mannen en vrouwen"";""aantal"";""162"""
"Enschede;""Overledenen: geslacht|Mannen en vrouwen"";""aantal"";""1540"""
"Epe;""Overledenen: geslacht|Mannen en vrouwen"";""aantal"";""345"""
"Ermelo;""Overledenen: geslacht|Mannen en vrouwen"";""aantal"";""298"""
"Erp;""Overledenen: geslacht|Mannen en vrouwen"";""aantal"";"""""
"Esch;""Overledenen: geslacht|Mannen en vrouwen"";""aantal"";"""""
"Etten-Leur;""Overledenen: geslacht|Mannen en vrouwen"";""aantal"";""396"""
"Ezinge;""Overledenen: geslacht|Mannen en vrouwen"";""aantal"";"""""
"Ferwerderadeel;""Overledenen: geslacht|Mannen en vrouwen"";""aantal"";"""""
"Ferwerderadiel;""Overledenen: geslacht|Mannen en vrouwen"";""aantal"";"""""
"Fijnaart en Heijningen;""Overledenen: geslacht|Mannen en vrouwen"";""aantal"";"""""
"Finsterwolde;""Overledenen: geslacht|Mannen en vrouwen"";""aantal"";"""""
"Franekeradeel;""Overledenen: geslacht|Mannen en vrouwen"";""aantal"";"""""
"De Friese Meren;""Overledenen: geslacht|Mannen en vrouwen"";""aantal"";"""""
"De Fryske Marren;""Overledenen: geslacht|Mannen en vrouwen"";""aantal"";""468"""
"Gaasterlân-Sleat;""Overledenen: geslacht|Mannen en vrouwen"";""aantal"";"""""
"Gasselte;""Overledenen: geslacht|Mannen en vrouwen"";""aantal"";"""""
"Geertruidenberg;""Overledenen: geslacht|Mannen en vrouwen"";""aantal"";""214"""
"Geffen;""Overledenen: geslacht|Mannen en vrouwen"";""aantal"";"""""
"Geldermalsen;""Overledenen: geslacht|Mannen en vrouwen"";""aantal"";"""""
"Geldrop;""Overledenen: geslacht|Mannen en vrouwen"";""aantal"";"""""
"Geldrop-Mierlo;""Overledenen: geslacht|Mannen en vrouwen"";""aantal"";""393"""
"Geleen;""Overledenen: geslacht|Mannen en vrouwen"";""aantal"";"""""
"Gemert;""Overledenen: geslacht|Mannen en vrouwen"";""aantal"";"""""
"Gemert-Bakel;""Overledenen: geslacht|Mannen en vrouwen"";""aantal"";""246"""
"Gendringen;""Overledenen: geslacht|Mannen en vrouwen"";""aantal"";"""""
"Gendt;""Overledenen: geslacht|Mannen en vrouwen"";""aantal"";"""""
"Genemuiden;""Overledenen: geslacht|Mannen en vrouwen"";""aantal"";"""""
"Gennep;""Overledenen: geslacht|Mannen en vrouwen"";""aantal"";""173"""
"Giessenlanden;""Overledenen: geslacht|Mannen en vrouwen"";""aantal"";"""""
"Gieten;""Overledenen: geslacht|Mannen en vrouwen"";""aantal"";"""""
"Gilze en Rijen;""Overledenen: geslacht|Mannen en vrouwen"";""aantal"";""210"""
"Goedereede;""Overledenen: geslacht|Mannen en vrouwen"";""aantal"";"""""
"Goeree-Overflakkee;""Overledenen: geslacht|Mannen en vrouwen"";""aantal"";""525"""
"Goes;""Overledenen: geslacht|Mannen en vrouwen"";""aantal"";""413"""
"Goirle;""Overledenen: geslacht|Mannen en vrouwen"";""aantal"";""207"""
"Gooise Meren;""Overledenen: geslacht|Mannen en vrouwen"";""aantal"";""548"""
"Goor;""Overledenen: geslacht|Mannen en vrouwen"";""aantal"";"""""
"Gorinchem;""Overledenen: geslacht|Mannen en vrouwen"";""aantal"";""339"""
"Gorssel;""Overledenen: geslacht|Mannen en vrouwen"";""aantal"";"""""
"Gouda;""Overledenen: geslacht|Mannen en vrouwen"";""aantal"";""696"""
"Graafstroom;""Overledenen: geslacht|Mannen en vrouwen"";""aantal"";"""""
"Graft-De Rijp;""Overledenen: geslacht|Mannen en vrouwen"";""aantal"";"""""
"Gramsbergen;""Overledenen: geslacht|Mannen en vrouwen"";""aantal"";"""""
"Grathem;""Overledenen: geslacht|Mannen en vrouwen"";""aantal"";"""""
"Grave;""Overledenen: geslacht|Mannen en vrouwen"";""aantal"";""124"""
"'s-Graveland;""Overledenen: geslacht|Mannen en vrouwen"";""aantal"";"""""
"'s-Gravendeel;""Overledenen: geslacht|Mannen en vrouwen"";""aantal"";"""""
"'s-Gravenhage (gemeente);""Overledenen: geslacht|Mannen en vrouwen"";""aantal"";""4091"""
"'s-Gravenmoer;""Overledenen: geslacht|Mannen en vrouwen"";""aantal"";"""""
"'s-Gravenzande;""Overledenen: geslacht|Mannen en vrouwen"";""aantal"";"""""
"Grijpskerk;""Overledenen: geslacht|Mannen en vrouwen"";""aantal"";"""""
"Groenlo;""Overledenen: geslacht|Mannen en vrouwen"";""aantal"";"""""
"Groesbeek;""Overledenen: geslacht|Mannen en vrouwen"";""aantal"";"""""
"Groningen (gemeente);""Overledenen: geslacht|Mannen en vrouwen"";""aantal"";""1706"""
"Grootegast;""Overledenen: geslacht|Mannen en vrouwen"";""aantal"";"""""
"Grubbenvorst;""Overledenen: geslacht|Mannen en vrouwen"";""aantal"";"""""
"Gulpen;""Overledenen: geslacht|Mannen en vrouwen"";""aantal"";"""""
"Gulpen-Wittem;""Overledenen: geslacht|Mannen en vrouwen"";""aantal"";""160"""
"Haaksbergen;""Overledenen: geslacht|Mannen en vrouwen"";""aantal"";""243"""
"Haaren;""Overledenen: geslacht|Mannen en vrouwen"";""aantal"";""127"""
"Haarlem;""Overledenen: geslacht|Mannen en vrouwen"";""aantal"";""1406"""
"Haarlemmerliede en Spaarnwoude;""Overledenen: geslacht|Mannen en vrouwen"";""aantal"";"""""
"Haarlemmermeer;""Overledenen: geslacht|Mannen en vrouwen"";""aantal"";""1034"""
"Haelen;""Overledenen: geslacht|Mannen en vrouwen"";""aantal"";"""""
"Halderberge;""Overledenen: geslacht|Mannen en vrouwen"";""aantal"";""300"""
"Halsteren;""Overledenen: geslacht|Mannen en vrouwen"";""aantal"";"""""
"Den Ham;""Overledenen: geslacht|Mannen en vrouwen"";""aantal"";"""""
"Haps;""Overledenen: geslacht|Mannen en vrouwen"";""aantal"";"""""
"Hardenberg;""Overledenen: geslacht|Mannen en vrouwen"";""aantal"";""472"""
"Harderwijk;""Overledenen: geslacht|Mannen en vrouwen"";""aantal"";""382"""
"Hardinxveld-Giessendam;""Overledenen: geslacht|Mannen en vrouwen"";""aantal"";""176"""
"Haren;""Overledenen: geslacht|Mannen en vrouwen"";""aantal"";"""""
"Harenkarspel;""Overledenen: geslacht|Mannen en vrouwen"";""aantal"";"""""
"Harlingen;""Overledenen: geslacht|Mannen en vrouwen"";""aantal"";""170"""
"Harmelen;""Overledenen: geslacht|Mannen en vrouwen"";""aantal"";"""""
"Hasselt;""Overledenen: geslacht|Mannen en vrouwen"";""aantal"";"""""
"Hattem;""Overledenen: geslacht|Mannen en vrouwen"";""aantal"";""129"""
"Havelte;""Overledenen: geslacht|Mannen en vrouwen"";""aantal"";"""""
"Hazerswoude;""Overledenen: geslacht|Mannen en vrouwen"";""aantal"";"""""
"Hedel;""Overledenen: geslacht|Mannen en vrouwen"";""aantal"";"""""
"Heel;""Overledenen: geslacht|Mannen en vrouwen"";""aantal"";"""""
"Heel en Panheel;""Overledenen: geslacht|Mannen en vrouwen"";""aantal"";"""""
"Heemskerk;""Overledenen: geslacht|Mannen en vrouwen"";""aantal"";""399"""
"Heemstede;""Overledenen: geslacht|Mannen en vrouwen"";""aantal"";""341"""
"Heerde;""Overledenen: geslacht|Mannen en vrouwen"";""aantal"";""245"""
"Heerenveen;""Overledenen: geslacht|Mannen en vrouwen"";""aantal"";""494"""
"Heerewaarden;""Overledenen: geslacht|Mannen en vrouwen"";""aantal"";"""""
"Heerhugowaard;""Overledenen: geslacht|Mannen en vrouwen"";""aantal"";""374"""
"Heerjansdam;""Overledenen: geslacht|Mannen en vrouwen"";""aantal"";"""""
"Heerlen;""Overledenen: geslacht|Mannen en vrouwen"";""aantal"";""1066"""
"Heesch;""Overledenen: geslacht|Mannen en vrouwen"";""aantal"";"""""
"Heeswijk-Dinther;""Overledenen: geslacht|Mannen en vrouwen"";""aantal"";"""""
"Heeze;""Overledenen: geslacht|Mannen en vrouwen"";""aantal"";"""""
"Heeze-Leende;""Overledenen: geslacht|Mannen en vrouwen"";""aantal"";""165"""
"Hefshuizen;""Overledenen: geslacht|Mannen en vrouwen"";""aantal"";"""""
"Heiloo;""Overledenen: geslacht|Mannen en vrouwen"";""aantal"";""189"""
"Heino;""Overledenen: geslacht|Mannen en vrouwen"";""aantal"";"""""
"Helden;""Overledenen: geslacht|Mannen en vrouwen"";""aantal"";"""""
"Den Helder;""Overledenen: geslacht|Mannen en vrouwen"";""aantal"";""582"""
"Hellendoorn;""Overledenen: geslacht|Mannen en vrouwen"";""aantal"";""333"""
"Hellevoetsluis;""Overledenen: geslacht|Mannen en vrouwen"";""aantal"";""347"""
"Helmond;""Overledenen: geslacht|Mannen en vrouwen"";""aantal"";""711"""
"Helvoirt;""Overledenen: geslacht|Mannen en vrouwen"";""aantal"";"""""
"Hendrik-Ido-Ambacht;""Overledenen: geslacht|Mannen en vrouwen"";""aantal"";""228"""
"Hengelo (Gld.);""Overledenen: geslacht|Mannen en vrouwen"";""aantal"";"""""
"Hengelo (O.);""Overledenen: geslacht|Mannen en vrouwen"";""aantal"";""803"""
"Herten;""Overledenen: geslacht|Mannen en vrouwen"";""aantal"";"""""
"'s-Hertogenbosch;""Overledenen: geslacht|Mannen en vrouwen"";""aantal"";""1331"""
"Heteren;""Overledenen: geslacht|Mannen en vrouwen"";""aantal"";"""""
"Heumen;""Overledenen: geslacht|Mannen en vrouwen"";""aantal"";""159"""
"Heusden;""Overledenen: geslacht|Mannen en vrouwen"";""aantal"";""364"""
"Heythuysen;""Overledenen: geslacht|Mannen en vrouwen"";""aantal"";"""""
"Hillegom;""Overledenen: geslacht|Mannen en vrouwen"";""aantal"";""218"""
"Hilvarenbeek;""Overledenen: geslacht|Mannen en vrouwen"";""aantal"";""116"""
"Hilversum;""Overledenen: geslacht|Mannen en vrouwen"";""aantal"";""879"""
"Hoeksche Waard;""Overledenen: geslacht|Mannen en vrouwen"";""aantal"";""796"""
"Hoevelaken;""Overledenen: geslacht|Mannen en vrouwen"";""aantal"";"""""
"Hoeven;""Overledenen: geslacht|Mannen en vrouwen"";""aantal"";"""""
"Hof van Twente;""Overledenen: geslacht|Mannen en vrouwen"";""aantal"";""369"""
"Het Hogeland;""Overledenen: geslacht|Mannen en vrouwen"";""aantal"";""490"""
"Hollands Kroon;""Overledenen: geslacht|Mannen en vrouwen"";""aantal"";""377"""
"Holten;""Overledenen: geslacht|Mannen en vrouwen"";""aantal"";"""""
"Hontenisse;""Overledenen: geslacht|Mannen en vrouwen"";""aantal"";"""""
"Hooge en Lage Mierde;""Overledenen: geslacht|Mannen en vrouwen"";""aantal"";"""""
"Hooge en Lage Zwaluwe;""Overledenen: geslacht|Mannen en vrouwen"";""aantal"";"""""
"Hoogeloon, Hapert en Casteren;""Overledenen: geslacht|Mannen en vrouwen"";""aantal"";"""""
"Hoogeveen;""Overledenen: geslacht|Mannen en vrouwen"";""aantal"";""520"""
"Hoogezand-Sappemeer;""Overledenen: geslacht|Mannen en vrouwen"";""aantal"";"""""
"Hoorn;""Overledenen: geslacht|Mannen en vrouwen"";""aantal"";""679"""
"Horn;""Overledenen: geslacht|Mannen en vrouwen"";""aantal"";"""""
"Horst;""Overledenen: geslacht|Mannen en vrouwen"";""aantal"";"""""
"Horst aan de Maas;""Overledenen: geslacht|Mannen en vrouwen"";""aantal"";""419"""
"Houten;""Overledenen: geslacht|Mannen en vrouwen"";""aantal"";""265"""
"Huijbergen;""Overledenen: geslacht|Mannen en vrouwen"";""aantal"";"""""
"Huissen;""Overledenen: geslacht|Mannen en vrouwen"";""aantal"";"""""
"Huizen;""Overledenen: geslacht|Mannen en vrouwen"";""aantal"";""425"""
"Hulst;""Overledenen: geslacht|Mannen en vrouwen"";""aantal"";""277"""
"Hummelo en Keppel;""Overledenen: geslacht|Mannen en vrouwen"";""aantal"";"""""
"Hunsel;""Overledenen: geslacht|Mannen en vrouwen"";""aantal"";"""""
"IJsselham;""Overledenen: geslacht|Mannen en vrouwen"";""aantal"";"""""
"IJsselmuiden;""Overledenen: geslacht|Mannen en vrouwen"";""aantal"";"""""
"IJsselstein;""Overledenen: geslacht|Mannen en vrouwen"";""aantal"";""293"""
"Ilpendam;""Overledenen: geslacht|Mannen en vrouwen"";""aantal"";"""""
"Jacobswoude;""Overledenen: geslacht|Mannen en vrouwen"";""aantal"";"""""
"Jisp;""Overledenen: geslacht|Mannen en vrouwen"";""aantal"";"""""
"Kaag en Braassem;""Overledenen: geslacht|Mannen en vrouwen"";""aantal"";""215"""
"Kamerik;""Overledenen: geslacht|Mannen en vrouwen"";""aantal"";"""""
"Kampen;""Overledenen: geslacht|Mannen en vrouwen"";""aantal"";""398"""
"Kantens;""Overledenen: geslacht|Mannen en vrouwen"";""aantal"";"""""
"Kapelle;""Overledenen: geslacht|Mannen en vrouwen"";""aantal"";""111"""
"Katwijk;""Overledenen: geslacht|Mannen en vrouwen"";""aantal"";""536"""
"Katwoude;""Overledenen: geslacht|Mannen en vrouwen"";""aantal"";"""""
"Kerkrade;""Overledenen: geslacht|Mannen en vrouwen"";""aantal"";""658"""
"Kerkwijk;""Overledenen: geslacht|Mannen en vrouwen"";""aantal"";"""""
"Kessel;""Overledenen: geslacht|Mannen en vrouwen"";""aantal"";"""""
"Kesteren;""Overledenen: geslacht|Mannen en vrouwen"";""aantal"";"""""
"Kloosterburen;""Overledenen: geslacht|Mannen en vrouwen"";""aantal"";"""""
"Klundert;""Overledenen: geslacht|Mannen en vrouwen"";""aantal"";"""""
"Kockengen;""Overledenen: geslacht|Mannen en vrouwen"";""aantal"";"""""
"Koggenland;""Overledenen: geslacht|Mannen en vrouwen"";""aantal"";""187"""
"Kollumerland en Nieuwkruisland;""Overledenen: geslacht|Mannen en vrouwen"";""aantal"";"""""
"Korendijk;""Overledenen: geslacht|Mannen en vrouwen"";""aantal"";"""""
"Kortgene;""Overledenen: geslacht|Mannen en vrouwen"";""aantal"";"""""
"Koudekerk aan den Rijn;""Overledenen: geslacht|Mannen en vrouwen"";""aantal"";"""""
"Krimpen aan den IJssel;""Overledenen: geslacht|Mannen en vrouwen"";""aantal"";""283"""
"Krimpenerwaard;""Overledenen: geslacht|Mannen en vrouwen"";""aantal"";""475"""
"Laarbeek;""Overledenen: geslacht|Mannen en vrouwen"";""aantal"";""217"""
"Landerd;""Overledenen: geslacht|Mannen en vrouwen"";""aantal"";""143"""
"Landgraaf;""Overledenen: geslacht|Mannen en vrouwen"";""aantal"";""428"""
"Landsmeer;""Overledenen: geslacht|Mannen en vrouwen"";""aantal"";""99"""
"Langbroek;""Overledenen: geslacht|Mannen en vrouwen"";""aantal"";"""""
"Langedijk;""Overledenen: geslacht|Mannen en vrouwen"";""aantal"";""186"""
"Lansingerland;""Overledenen: geslacht|Mannen en vrouwen"";""aantal"";""389"""
"Laren (NH.);""Overledenen: geslacht|Mannen en vrouwen"";""aantal"";""234"""
"Leek;""Overledenen: geslacht|Mannen en vrouwen"";""aantal"";"""""
"Leende;""Overledenen: geslacht|Mannen en vrouwen"";""aantal"";"""""
"Leens;""Overledenen: geslacht|Mannen en vrouwen"";""aantal"";"""""
"Leerdam;""Overledenen: geslacht|Mannen en vrouwen"";""aantal"";"""""
"Leersum;""Overledenen: geslacht|Mannen en vrouwen"";""aantal"";"""""
"Leeuwarden;""Overledenen: geslacht|Mannen en vrouwen"";""aantal"";""1181"""
"Leeuwarderadeel;""Overledenen: geslacht|Mannen en vrouwen"";""aantal"";"""""
"Leiden;""Overledenen: geslacht|Mannen en vrouwen"";""aantal"";""992"""
"Leiderdorp;""Overledenen: geslacht|Mannen en vrouwen"";""aantal"";""239"""
"Leidschendam;""Overledenen: geslacht|Mannen en vrouwen"";""aantal"";"""""
"Leidschendam-Voorburg;""Overledenen: geslacht|Mannen en vrouwen"";""aantal"";""755"""
"Leimuiden;""Overledenen: geslacht|Mannen en vrouwen"";""aantal"";"""""
"Lelystad;""Overledenen: geslacht|Mannen en vrouwen"";""aantal"";""599"""
"Lemsterland;""Overledenen: geslacht|Mannen en vrouwen"";""aantal"";"""""
"Leudal;""Overledenen: geslacht|Mannen en vrouwen"";""aantal"";""362"""
"Leusden;""Overledenen: geslacht|Mannen en vrouwen"";""aantal"";""235"""
"Lichtenvoorde;""Overledenen: geslacht|Mannen en vrouwen"";""aantal"";"""""
"Liemeer;""Overledenen: geslacht|Mannen en vrouwen"";""aantal"";"""""
"Liempde;""Overledenen: geslacht|Mannen en vrouwen"";""aantal"";"""""
"Lienden;""Overledenen: geslacht|Mannen en vrouwen"";""aantal"";"""""
"De Lier;""Overledenen: geslacht|Mannen en vrouwen"";""aantal"";"""""
"Lieshout;""Overledenen: geslacht|Mannen en vrouwen"";""aantal"";"""""
"Liesveld;""Overledenen: geslacht|Mannen en vrouwen"";""aantal"";"""""
"Limmen;""Overledenen: geslacht|Mannen en vrouwen"";""aantal"";"""""
"Lingewaal;""Overledenen: geslacht|Mannen en vrouwen"";""aantal"";"""""
"Lingewaard;""Overledenen: geslacht|Mannen en vrouwen"";""aantal"";""381"""
"Linne;""Overledenen: geslacht|Mannen en vrouwen"";""aantal"";"""""
"Linschoten;""Overledenen: geslacht|Mannen en vrouwen"";""aantal"";"""""
"Lisse;""Overledenen: geslacht|Mannen en vrouwen"";""aantal"";""187"""
"Lith;""Overledenen: geslacht|Mannen en vrouwen"";""aantal"";"""""
"Littenseradiel;""Overledenen: geslacht|Mannen en vrouwen"";""aantal"";"""""
"Lochem;""Overledenen: geslacht|Mannen en vrouwen"";""aantal"";""401"""
"Loenen;""Overledenen: geslacht|Mannen en vrouwen"";""aantal"";"""""
"Loon op Zand;""Overledenen: geslacht|Mannen en vrouwen"";""aantal"";""220"""
"Loosdrecht;""Overledenen: geslacht|Mannen en vrouwen"";""aantal"";"""""
"Lopik;""Overledenen: geslacht|Mannen en vrouwen"";""aantal"";""86"""
"Loppersum;""Overledenen: geslacht|Mannen en vrouwen"";""aantal"";""89"""
"Losser;""Overledenen: geslacht|Mannen en vrouwen"";""aantal"";""223"""
"Luyksgestel;""Overledenen: geslacht|Mannen en vrouwen"";""aantal"";"""""
"Maarheeze;""Overledenen: geslacht|Mannen en vrouwen"";""aantal"";"""""
"Maarn;""Overledenen: geslacht|Mannen en vrouwen"";""aantal"";"""""
"Maarssen;""Overledenen: geslacht|Mannen en vrouwen"";""aantal"";"""""
"Maartensdijk;""Overledenen: geslacht|Mannen en vrouwen"";""aantal"";"""""
"Maasbracht;""Overledenen: geslacht|Mannen en vrouwen"";""aantal"";"""""
"Maasbree;""Overledenen: geslacht|Mannen en vrouwen"";""aantal"";"""""
"Maasdonk;""Overledenen: geslacht|Mannen en vrouwen"";""aantal"";"""""
"Maasdriel;""Overledenen: geslacht|Mannen en vrouwen"";""aantal"";""208"""
"Maasgouw;""Overledenen: geslacht|Mannen en vrouwen"";""aantal"";""274"""
"Maasland;""Overledenen: geslacht|Mannen en vrouwen"";""aantal"";"""""
"Maassluis;""Overledenen: geslacht|Mannen en vrouwen"";""aantal"";""329"""
"Maastricht;""Overledenen: geslacht|Mannen en vrouwen"";""aantal"";""1298"""
"Made;""Overledenen: geslacht|Mannen en vrouwen"";""aantal"";"""""
"Made en Drimmelen;""Overledenen: geslacht|Mannen en vrouwen"";""aantal"";"""""
"Margraten;""Overledenen: geslacht|Mannen en vrouwen"";""aantal"";"""""
"Mariekerke;""Overledenen: geslacht|Mannen en vrouwen"";""aantal"";"""""
"Markelo;""Overledenen: geslacht|Mannen en vrouwen"";""aantal"";"""""
"Marken;""Overledenen: geslacht|Mannen en vrouwen"";""aantal"";"""""
"De Marne;""Overledenen: geslacht|Mannen en vrouwen"";""aantal"";"""""
"Marum;""Overledenen: geslacht|Mannen en vrouwen"";""aantal"";"""""
"Maurik;""Overledenen: geslacht|Mannen en vrouwen"";""aantal"";"""""
"Medemblik;""Overledenen: geslacht|Mannen en vrouwen"";""aantal"";""400"""
"Meeden;""Overledenen: geslacht|Mannen en vrouwen"";""aantal"";"""""
"Meerlo-Wanssum;""Overledenen: geslacht|Mannen en vrouwen"";""aantal"";"""""
"Meerssen;""Overledenen: geslacht|Mannen en vrouwen"";""aantal"";""217"""
"Megen, Haren en Macharen;""Overledenen: geslacht|Mannen en vrouwen"";""aantal"";"""""
"Meierijstad;""Overledenen: geslacht|Mannen en vrouwen"";""aantal"";""720"""
"Meijel;""Overledenen: geslacht|Mannen en vrouwen"";""aantal"";"""""
"Melick en Herkenbosch;""Overledenen: geslacht|Mannen en vrouwen"";""aantal"";"""""
"Menaldumadeel;""Overledenen: geslacht|Mannen en vrouwen"";""aantal"";"""""
"Menameradiel;""Overledenen: geslacht|Mannen en vrouwen"";""aantal"";"""""
"Menterwolde;""Overledenen: geslacht|Mannen en vrouwen"";""aantal"";"""""
"Meppel;""Overledenen: geslacht|Mannen en vrouwen"";""aantal"";""333"""
"Middelburg (Z.);""Overledenen: geslacht|Mannen en vrouwen"";""aantal"";""492"""
"Middelharnis;""Overledenen: geslacht|Mannen en vrouwen"";""aantal"";"""""
"Middelstum;""Overledenen: geslacht|Mannen en vrouwen"";""aantal"";"""""
"Midden-Delfland;""Overledenen: geslacht|Mannen en vrouwen"";""aantal"";""139"""
"Midden-Drenthe;""Overledenen: geslacht|Mannen en vrouwen"";""aantal"";""367"""
"Midden-Groningen;""Overledenen: geslacht|Mannen en vrouwen"";""aantal"";""580"""
"Middenschouwen;""Overledenen: geslacht|Mannen en vrouwen"";""aantal"";"""""
"Middenveld;""Overledenen: geslacht|Mannen en vrouwen"";""aantal"";"""""
"Midwolda;""Overledenen: geslacht|Mannen en vrouwen"";""aantal"";"""""
"Mierlo;""Overledenen: geslacht|Mannen en vrouwen"";""aantal"";"""""
"Mijdrecht;""Overledenen: geslacht|Mannen en vrouwen"";""aantal"";"""""
"Mill en Sint Hubert;""Overledenen: geslacht|Mannen en vrouwen"";""aantal"";""92"""
"Millingen aan de Rijn;""Overledenen: geslacht|Mannen en vrouwen"";""aantal"";"""""
"Moerdijk;""Overledenen: geslacht|Mannen en vrouwen"";""aantal"";""370"""
"Moergestel;""Overledenen: geslacht|Mannen en vrouwen"";""aantal"";"""""
"Moerhuizen;""Overledenen: geslacht|Mannen en vrouwen"";""aantal"";"""""
"Moerkapelle;""Overledenen: geslacht|Mannen en vrouwen"";""aantal"";"""""
"Molenlanden;""Overledenen: geslacht|Mannen en vrouwen"";""aantal"";""323"""
"Molenwaard;""Overledenen: geslacht|Mannen en vrouwen"";""aantal"";"""""
"Monnickendam;""Overledenen: geslacht|Mannen en vrouwen"";""aantal"";"""""
"Monster;""Overledenen: geslacht|Mannen en vrouwen"";""aantal"";"""""
"Montferland;""Overledenen: geslacht|Mannen en vrouwen"";""aantal"";""399"""
"Montfoort;""Overledenen: geslacht|Mannen en vrouwen"";""aantal"";""90"""
"Montfort;""Overledenen: geslacht|Mannen en vrouwen"";""aantal"";"""""
"Mook en Middelaar;""Overledenen: geslacht|Mannen en vrouwen"";""aantal"";""66"""
"Moordrecht;""Overledenen: geslacht|Mannen en vrouwen"";""aantal"";"""""
"Muiden;""Overledenen: geslacht|Mannen en vrouwen"";""aantal"";"""""
"Muntendam;""Overledenen: geslacht|Mannen en vrouwen"";""aantal"";"""""
"Naaldwijk;""Overledenen: geslacht|Mannen en vrouwen"";""aantal"";"""""
"Naarden;""Overledenen: geslacht|Mannen en vrouwen"";""aantal"";"""""
"Neder-Betuwe;""Overledenen: geslacht|Mannen en vrouwen"";""aantal"";""184"""
"Nederhorst den Berg;""Overledenen: geslacht|Mannen en vrouwen"";""aantal"";"""""
"Nederlek;""Overledenen: geslacht|Mannen en vrouwen"";""aantal"";"""""
"Nederweert;""Overledenen: geslacht|Mannen en vrouwen"";""aantal"";""125"""
"Neede;""Overledenen: geslacht|Mannen en vrouwen"";""aantal"";"""""
"Neer;""Overledenen: geslacht|Mannen en vrouwen"";""aantal"";"""""
"Neerijnen;""Overledenen: geslacht|Mannen en vrouwen"";""aantal"";"""""
"Niedorp;""Overledenen: geslacht|Mannen en vrouwen"";""aantal"";"""""
"Nieuwe Pekela;""Overledenen: geslacht|Mannen en vrouwen"";""aantal"";"""""
"Nieuwegein;""Overledenen: geslacht|Mannen en vrouwen"";""aantal"";""434"""
"Nieuwerkerk aan den IJssel;""Overledenen: geslacht|Mannen en vrouwen"";""aantal"";"""""
"Nieuweschans;""Overledenen: geslacht|Mannen en vrouwen"";""aantal"";"""""
"Nieuw-Ginneken;""Overledenen: geslacht|Mannen en vrouwen"";""aantal"";"""""
"Nieuwkoop;""Overledenen: geslacht|Mannen en vrouwen"";""aantal"";""202"""
"Nieuw-Lekkerland;""Overledenen: geslacht|Mannen en vrouwen"";""aantal"";"""""
"Nieuwleusen;""Overledenen: geslacht|Mannen en vrouwen"";""aantal"";"""""
"Nieuwolda;""Overledenen: geslacht|Mannen en vrouwen"";""aantal"";"""""
"Nieuwveen;""Overledenen: geslacht|Mannen en vrouwen"";""aantal"";"""""
"Nieuw-Vossemeer;""Overledenen: geslacht|Mannen en vrouwen"";""aantal"";"""""
"Nigtevecht;""Overledenen: geslacht|Mannen en vrouwen"";""aantal"";"""""
"Nijefurd;""Overledenen: geslacht|Mannen en vrouwen"";""aantal"";"""""
"Nijeveen;""Overledenen: geslacht|Mannen en vrouwen"";""aantal"";"""""
"Nijkerk;""Overledenen: geslacht|Mannen en vrouwen"";""aantal"";""314"""
"Nijmegen;""Overledenen: geslacht|Mannen en vrouwen"";""aantal"";""1352"""
"Nissewaard;""Overledenen: geslacht|Mannen en vrouwen"";""aantal"";""710"""
"Nistelrode;""Overledenen: geslacht|Mannen en vrouwen"";""aantal"";"""""
"Noardeast-Fryslân;""Overledenen: geslacht|Mannen en vrouwen"";""aantal"";""415"""
"Noord-Beveland;""Overledenen: geslacht|Mannen en vrouwen"";""aantal"";""83"""
"Noordenveld;""Overledenen: geslacht|Mannen en vrouwen"";""aantal"";""318"""
"Noorder-Koggenland;""Overledenen: geslacht|Mannen en vrouwen"";""aantal"";"""""
"Noordoostpolder;""Overledenen: geslacht|Mannen en vrouwen"";""aantal"";""355"""
"Noordwijk;""Overledenen: geslacht|Mannen en vrouwen"";""aantal"";""385"""
"Noordwijkerhout;""Overledenen: geslacht|Mannen en vrouwen"";""aantal"";"""""
"Nootdorp;""Overledenen: geslacht|Mannen en vrouwen"";""aantal"";"""""
"Norg;""Overledenen: geslacht|Mannen en vrouwen"";""aantal"";"""""
"Nuenen, Gerwen en Nederwetten;""Overledenen: geslacht|Mannen en vrouwen"";""aantal"";""189"""
"Nuland;""Overledenen: geslacht|Mannen en vrouwen"";""aantal"";"""""
"Nunspeet;""Overledenen: geslacht|Mannen en vrouwen"";""aantal"";""246"""
"Nuth;""Overledenen: geslacht|Mannen en vrouwen"";""aantal"";"""""
"Obdam;""Overledenen: geslacht|Mannen en vrouwen"";""aantal"";"""""
"Odoorn;""Overledenen: geslacht|Mannen en vrouwen"";""aantal"";"""""
"Oeffelt;""Overledenen: geslacht|Mannen en vrouwen"";""aantal"";"""""
"Oegstgeest;""Overledenen: geslacht|Mannen en vrouwen"";""aantal"";""205"""
"Ohé en Laak;""Overledenen: geslacht|Mannen en vrouwen"";""aantal"";"""""
"Oirschot;""Overledenen: geslacht|Mannen en vrouwen"";""aantal"";""187"""
"Oisterwijk;""Overledenen: geslacht|Mannen en vrouwen"";""aantal"";""293"""
"Oldambt;""Overledenen: geslacht|Mannen en vrouwen"";""aantal"";""456"""
"Oldebroek;""Overledenen: geslacht|Mannen en vrouwen"";""aantal"";""173"""
"Oldehove;""Overledenen: geslacht|Mannen en vrouwen"";""aantal"";"""""
"Oldekerk;""Overledenen: geslacht|Mannen en vrouwen"";""aantal"";"""""
"Oldenzaal;""Overledenen: geslacht|Mannen en vrouwen"";""aantal"";""347"""
"Olst;""Overledenen: geslacht|Mannen en vrouwen"";""aantal"";"""""
"Olst-Wijhe;""Overledenen: geslacht|Mannen en vrouwen"";""aantal"";""174"""
"Ommen;""Overledenen: geslacht|Mannen en vrouwen"";""aantal"";""139"""
"Onderbanken;""Overledenen: geslacht|Mannen en vrouwen"";""aantal"";"""""
"Oost Gelre;""Overledenen: geslacht|Mannen en vrouwen"";""aantal"";""294"""
"Oost-, West- en Middelbeers;""Overledenen: geslacht|Mannen en vrouwen"";""aantal"";"""""
"Oostburg;""Overledenen: geslacht|Mannen en vrouwen"";""aantal"";"""""
"Oosterbroek;""Overledenen: geslacht|Mannen en vrouwen"";""aantal"";"""""
"Oosterhesselen;""Overledenen: geslacht|Mannen en vrouwen"";""aantal"";"""""
"Oosterhout;""Overledenen: geslacht|Mannen en vrouwen"";""aantal"";""500"""
"Oostflakkee;""Overledenen: geslacht|Mannen en vrouwen"";""aantal"";"""""
"Ooststellingwerf;""Overledenen: geslacht|Mannen en vrouwen"";""aantal"";""280"""
"Oostzaan;""Overledenen: geslacht|Mannen en vrouwen"";""aantal"";""76"""
"Ootmarsum;""Overledenen: geslacht|Mannen en vrouwen"";""aantal"";"""""
"Openbaar Lichaam Z.IJ.P.;""Overledenen: geslacht|Mannen en vrouwen"";""aantal"";"""""
"Oploo, Sint Anthonis en Ledeacker;""Overledenen: geslacht|Mannen en vrouwen"";""aantal"";"""""
"Opmeer;""Overledenen: geslacht|Mannen en vrouwen"";""aantal"";""90"""
"Opsterland;""Overledenen: geslacht|Mannen en vrouwen"";""aantal"";""274"""
"Oss;""Overledenen: geslacht|Mannen en vrouwen"";""aantal"";""758"""
"Ossendrecht;""Overledenen: geslacht|Mannen en vrouwen"";""aantal"";"""""
"Oud en Nieuw Gastel;""Overledenen: geslacht|Mannen en vrouwen"";""aantal"";"""""
"Oud-Beijerland;""Overledenen: geslacht|Mannen en vrouwen"";""aantal"";"""""
"Oude IJsselstreek;""Overledenen: geslacht|Mannen en vrouwen"";""aantal"";""468"""
"Oude Pekela;""Overledenen: geslacht|Mannen en vrouwen"";""aantal"";"""""
"Oudenbosch;""Overledenen: geslacht|Mannen en vrouwen"";""aantal"";"""""
"Ouder-Amstel;""Overledenen: geslacht|Mannen en vrouwen"";""aantal"";""97"""
"Ouderkerk;""Overledenen: geslacht|Mannen en vrouwen"";""aantal"";"""""
"Oudewater;""Overledenen: geslacht|Mannen en vrouwen"";""aantal"";""82"""
"Overbetuwe;""Overledenen: geslacht|Mannen en vrouwen"";""aantal"";""364"""
"Papendrecht;""Overledenen: geslacht|Mannen en vrouwen"";""aantal"";""265"""
"Peel en Maas;""Overledenen: geslacht|Mannen en vrouwen"";""aantal"";""402"""
"Peize;""Overledenen: geslacht|Mannen en vrouwen"";""aantal"";"""""
"Pekela;""Overledenen: geslacht|Mannen en vrouwen"";""aantal"";""117"""
"Pijnacker;""Overledenen: geslacht|Mannen en vrouwen"";""aantal"";"""""
"Pijnacker-Nootdorp;""Overledenen: geslacht|Mannen en vrouwen"";""aantal"";""316"""
"Polsbroek;""Overledenen: geslacht|Mannen en vrouwen"";""aantal"";"""""
"Posterholt;""Overledenen: geslacht|Mannen en vrouwen"";""aantal"";"""""
"Prinsenbeek;""Overledenen: geslacht|Mannen en vrouwen"";""aantal"";"""""
"Purmerend;""Overledenen: geslacht|Mannen en vrouwen"";""aantal"";""773"""
"Putte;""Overledenen: geslacht|Mannen en vrouwen"";""aantal"";"""""
"Putten;""Overledenen: geslacht|Mannen en vrouwen"";""aantal"";""204"""
"Raalte;""Overledenen: geslacht|Mannen en vrouwen"";""aantal"";""362"""
"Raamsdonk;""Overledenen: geslacht|Mannen en vrouwen"";""aantal"";"""""
"Ravenstein;""Overledenen: geslacht|Mannen en vrouwen"";""aantal"";"""""
"Reeuwijk;""Overledenen: geslacht|Mannen en vrouwen"";""aantal"";"""""
"Reiderland;""Overledenen: geslacht|Mannen en vrouwen"";""aantal"";"""""
"Reimerswaal;""Overledenen: geslacht|Mannen en vrouwen"";""aantal"";""157"""
"Renkum;""Overledenen: geslacht|Mannen en vrouwen"";""aantal"";""375"""
"Renswoude;""Overledenen: geslacht|Mannen en vrouwen"";""aantal"";""30"""
"Reusel;""Overledenen: geslacht|Mannen en vrouwen"";""aantal"";"""""
"Reusel-De Mierden;""Overledenen: geslacht|Mannen en vrouwen"";""aantal"";""77"""
"Rheden;""Overledenen: geslacht|Mannen en vrouwen"";""aantal"";""609"""
"Rhenen;""Overledenen: geslacht|Mannen en vrouwen"";""aantal"";""161"""
"Ridderkerk;""Overledenen: geslacht|Mannen en vrouwen"";""aantal"";""488"""
"Riethoven;""Overledenen: geslacht|Mannen en vrouwen"";""aantal"";"""""
"Rijneveld;""Overledenen: geslacht|Mannen en vrouwen"";""aantal"";"""""
"Rijnsaterwoude;""Overledenen: geslacht|Mannen en vrouwen"";""aantal"";"""""
"Rijnsburg;""Overledenen: geslacht|Mannen en vrouwen"";""aantal"";"""""
"Rijnwaarden;""Overledenen: geslacht|Mannen en vrouwen"";""aantal"";"""""
"Rijnwoude;""Overledenen: geslacht|Mannen en vrouwen"";""aantal"";"""""
"Rijsbergen;""Overledenen: geslacht|Mannen en vrouwen"";""aantal"";"""""
"Rijssen;""Overledenen: geslacht|Mannen en vrouwen"";""aantal"";"""""
"Rijssen-Holten;""Overledenen: geslacht|Mannen en vrouwen"";""aantal"";""307"""
"Rijswijk (ZH.);""Overledenen: geslacht|Mannen en vrouwen"";""aantal"";""587"""
"Roden;""Overledenen: geslacht|Mannen en vrouwen"";""aantal"";"""""
"Roerdalen;""Overledenen: geslacht|Mannen en vrouwen"";""aantal"";""201"""
"Roermond;""Overledenen: geslacht|Mannen en vrouwen"";""aantal"";""603"""
"Roggel;""Overledenen: geslacht|Mannen en vrouwen"";""aantal"";"""""
"Roggel en Neer;""Overledenen: geslacht|Mannen en vrouwen"";""aantal"";"""""
"Rolde;""Overledenen: geslacht|Mannen en vrouwen"";""aantal"";"""""
"De Ronde Venen;""Overledenen: geslacht|Mannen en vrouwen"";""aantal"";""374"""
"Roosendaal;""Overledenen: geslacht|Mannen en vrouwen"";""aantal"";""788"""
"Roosendaal en Nispen;""Overledenen: geslacht|Mannen en vrouwen"";""aantal"";"""""
"Rosmalen;""Overledenen: geslacht|Mannen en vrouwen"";""aantal"";"""""
"Rossum;""Overledenen: geslacht|Mannen en vrouwen"";""aantal"";"""""
"Rotterdam;""Overledenen: geslacht|Mannen en vrouwen"";""aantal"";""5464"""
"Rozenburg;""Overledenen: geslacht|Mannen en vrouwen"";""aantal"";"""""
"Rozendaal;""Overledenen: geslacht|Mannen en vrouwen"";""aantal"";""11"""
"Rucphen;""Overledenen: geslacht|Mannen en vrouwen"";""aantal"";""250"""
"Ruinen;""Overledenen: geslacht|Mannen en vrouwen"";""aantal"";"""""
"Ruinerwold;""Overledenen: geslacht|Mannen en vrouwen"";""aantal"";"""""
"Ruurlo;""Overledenen: geslacht|Mannen en vrouwen"";""aantal"";"""""
"Sas van Gent;""Overledenen: geslacht|Mannen en vrouwen"";""aantal"";"""""
"Sassenheim;""Overledenen: geslacht|Mannen en vrouwen"";""aantal"";"""""
"Schagen;""Overledenen: geslacht|Mannen en vrouwen"";""aantal"";""465"""
"Schaijk;""Overledenen: geslacht|Mannen en vrouwen"";""aantal"";"""""
"Scheemda;""Overledenen: geslacht|Mannen en vrouwen"";""aantal"";"""""
"Schermer;""Overledenen: geslacht|Mannen en vrouwen"";""aantal"";"""""
"Scherpenzeel;""Overledenen: geslacht|Mannen en vrouwen"";""aantal"";""81"""
"Schiedam;""Overledenen: geslacht|Mannen en vrouwen"";""aantal"";""789"""
"Schiermonnikoog;""Overledenen: geslacht|Mannen en vrouwen"";""aantal"";""8"""
"Schijndel;""Overledenen: geslacht|Mannen en vrouwen"";""aantal"";"""""
"Schinnen;""Overledenen: geslacht|Mannen en vrouwen"";""aantal"";"""""
"Schipluiden;""Overledenen: geslacht|Mannen en vrouwen"";""aantal"";"""""
"Schoonebeek;""Overledenen: geslacht|Mannen en vrouwen"";""aantal"";"""""
"Schoonhoven;""Overledenen: geslacht|Mannen en vrouwen"";""aantal"";"""""
"Schoorl;""Overledenen: geslacht|Mannen en vrouwen"";""aantal"";"""""
"Schouwen-Duiveland;""Overledenen: geslacht|Mannen en vrouwen"";""aantal"";""391"""
"Sevenum;""Overledenen: geslacht|Mannen en vrouwen"";""aantal"";"""""
"Simpelveld;""Overledenen: geslacht|Mannen en vrouwen"";""aantal"";""79"""
"Sint Anthonis;""Overledenen: geslacht|Mannen en vrouwen"";""aantal"";""105"""
"Sint Maarten;""Overledenen: geslacht|Mannen en vrouwen"";""aantal"";"""""
"Sint Odilienberg;""Overledenen: geslacht|Mannen en vrouwen"";""aantal"";"""""
"Sint Pancras;""Overledenen: geslacht|Mannen en vrouwen"";""aantal"";"""""
"Sint Philipsland;""Overledenen: geslacht|Mannen en vrouwen"";""aantal"";"""""
"Sint-Michielsgestel;""Overledenen: geslacht|Mannen en vrouwen"";""aantal"";""279"""
"Sint-Oedenrode;""Overledenen: geslacht|Mannen en vrouwen"";""aantal"";"""""
"Sittard;""Overledenen: geslacht|Mannen en vrouwen"";""aantal"";"""""
"Sittard-Geleen;""Overledenen: geslacht|Mannen en vrouwen"";""aantal"";""1175"""
"Skarsterlân;""Overledenen: geslacht|Mannen en vrouwen"";""aantal"";"""""
"Sleen;""Overledenen: geslacht|Mannen en vrouwen"";""aantal"";"""""
"Sliedrecht;""Overledenen: geslacht|Mannen en vrouwen"";""aantal"";""252"""
"Slochteren;""Overledenen: geslacht|Mannen en vrouwen"";""aantal"";"""""
"Sluis;""Overledenen: geslacht|Mannen en vrouwen"";""aantal"";""299"""
"Sluis (oud);""Overledenen: geslacht|Mannen en vrouwen"";""aantal"";"""""
"Sluis-Aardenburg;""Overledenen: geslacht|Mannen en vrouwen"";""aantal"";"""""
"Smallingerland;""Overledenen: geslacht|Mannen en vrouwen"";""aantal"";""525"""
"Smilde;""Overledenen: geslacht|Mannen en vrouwen"";""aantal"";"""""
"Sneek;""Overledenen: geslacht|Mannen en vrouwen"";""aantal"";"""""
"Snelrewaard;""Overledenen: geslacht|Mannen en vrouwen"";""aantal"";"""""
"Soest;""Overledenen: geslacht|Mannen en vrouwen"";""aantal"";""424"""
"Someren;""Overledenen: geslacht|Mannen en vrouwen"";""aantal"";""157"""
"Son en Breugel;""Overledenen: geslacht|Mannen en vrouwen"";""aantal"";""170"""
"Spijkenisse;""Overledenen: geslacht|Mannen en vrouwen"";""aantal"";"""""
"Sprang-Capelle;""Overledenen: geslacht|Mannen en vrouwen"";""aantal"";"""""
"St. Anthonis;""Overledenen: geslacht|Mannen en vrouwen"";""aantal"";"""""
"Stad Delden;""Overledenen: geslacht|Mannen en vrouwen"";""aantal"";"""""
"Stadskanaal;""Overledenen: geslacht|Mannen en vrouwen"";""aantal"";""427"""
"Standdaarbuiten;""Overledenen: geslacht|Mannen en vrouwen"";""aantal"";"""""
"Staphorst;""Overledenen: geslacht|Mannen en vrouwen"";""aantal"";""113"""
"Stede Broec;""Overledenen: geslacht|Mannen en vrouwen"";""aantal"";""200"""
"Stedum;""Overledenen: geslacht|Mannen en vrouwen"";""aantal"";"""""
"Steenbergen;""Overledenen: geslacht|Mannen en vrouwen"";""aantal"";""256"""
"Steenderen;""Overledenen: geslacht|Mannen en vrouwen"";""aantal"";"""""
"Steenwijk;""Overledenen: geslacht|Mannen en vrouwen"";""aantal"";"""""
"Steenwijkerland;""Overledenen: geslacht|Mannen en vrouwen"";""aantal"";""469"""
"Stein (L.);""Overledenen: geslacht|Mannen en vrouwen"";""aantal"";""243"""
"Stevensweert;""Overledenen: geslacht|Mannen en vrouwen"";""aantal"";"""""
"Stichtse Vecht;""Overledenen: geslacht|Mannen en vrouwen"";""aantal"";""514"""
"Stramproy;""Overledenen: geslacht|Mannen en vrouwen"";""aantal"";"""""
"Strijen;""Overledenen: geslacht|Mannen en vrouwen"";""aantal"";"""""
"Súdwest-Fryslân;""Overledenen: geslacht|Mannen en vrouwen"";""aantal"";""884"""
"Susteren;""Overledenen: geslacht|Mannen en vrouwen"";""aantal"";"""""
"Swalmen;""Overledenen: geslacht|Mannen en vrouwen"";""aantal"";"""""
"Tegelen;""Overledenen: geslacht|Mannen en vrouwen"";""aantal"";"""""
"Terheijden;""Overledenen: geslacht|Mannen en vrouwen"";""aantal"";"""""
"Termunten;""Overledenen: geslacht|Mannen en vrouwen"";""aantal"";"""""
"Terneuzen;""Overledenen: geslacht|Mannen en vrouwen"";""aantal"";""645"""
"Terschelling;""Overledenen: geslacht|Mannen en vrouwen"";""aantal"";""38"""
"Teteringen;""Overledenen: geslacht|Mannen en vrouwen"";""aantal"";"""""
"Texel;""Overledenen: geslacht|Mannen en vrouwen"";""aantal"";""139"""
"Teylingen;""Overledenen: geslacht|Mannen en vrouwen"";""aantal"";""308"""
"Tholen;""Overledenen: geslacht|Mannen en vrouwen"";""aantal"";""208"""
"Thorn;""Overledenen: geslacht|Mannen en vrouwen"";""aantal"";"""""
"Tiel;""Overledenen: geslacht|Mannen en vrouwen"";""aantal"";""358"""
"Tietjerksteradeel;""Overledenen: geslacht|Mannen en vrouwen"";""aantal"";"""""
"Tilburg;""Overledenen: geslacht|Mannen en vrouwen"";""aantal"";""1814"""
"Tubbergen;""Overledenen: geslacht|Mannen en vrouwen"";""aantal"";""192"""
"Twenterand;""Overledenen: geslacht|Mannen en vrouwen"";""aantal"";""323"""
"Tynaarlo;""Overledenen: geslacht|Mannen en vrouwen"";""aantal"";""365"""
"Tytsjerksteradiel;""Overledenen: geslacht|Mannen en vrouwen"";""aantal"";""322"""
"Ubbergen;""Overledenen: geslacht|Mannen en vrouwen"";""aantal"";"""""
"Uden;""Overledenen: geslacht|Mannen en vrouwen"";""aantal"";""370"""
"Udenhout;""Overledenen: geslacht|Mannen en vrouwen"";""aantal"";"""""
"Uitgeest;""Overledenen: geslacht|Mannen en vrouwen"";""aantal"";""79"""
"Uithoorn;""Overledenen: geslacht|Mannen en vrouwen"";""aantal"";""211"""
"Ulrum;""Overledenen: geslacht|Mannen en vrouwen"";""aantal"";"""""
"Urk;""Overledenen: geslacht|Mannen en vrouwen"";""aantal"";""88"""
"Usquert;""Overledenen: geslacht|Mannen en vrouwen"";""aantal"";"""""
"Utrecht (gemeente);""Overledenen: geslacht|Mannen en vrouwen"";""aantal"";""1923"""
"Utrechtse Heuvelrug;""Overledenen: geslacht|Mannen en vrouwen"";""aantal"";""600"""
"Vaals;""Overledenen: geslacht|Mannen en vrouwen"";""aantal"";""109"""
"Valburg;""Overledenen: geslacht|Mannen en vrouwen"";""aantal"";"""""
"Valkenburg (ZH.);""Overledenen: geslacht|Mannen en vrouwen"";""aantal"";"""""
"Valkenburg aan de Geul;""Overledenen: geslacht|Mannen en vrouwen"";""aantal"";""229"""
"Valkenisse;""Overledenen: geslacht|Mannen en vrouwen"";""aantal"";"""""
"Valkenswaard;""Overledenen: geslacht|Mannen en vrouwen"";""aantal"";""357"""
"Veendam;""Overledenen: geslacht|Mannen en vrouwen"";""aantal"";""318"""
"Veenendaal;""Overledenen: geslacht|Mannen en vrouwen"";""aantal"";""497"""
"Veere;""Overledenen: geslacht|Mannen en vrouwen"";""aantal"";""223"""
"Veghel;""Overledenen: geslacht|Mannen en vrouwen"";""aantal"";"""""
"Veldhoven;""Overledenen: geslacht|Mannen en vrouwen"";""aantal"";""384"""
"Velsen;""Overledenen: geslacht|Mannen en vrouwen"";""aantal"";""702"""
"Venhuizen;""Overledenen: geslacht|Mannen en vrouwen"";""aantal"";"""""
"Venlo;""Overledenen: geslacht|Mannen en vrouwen"";""aantal"";""971"""
"Venray;""Overledenen: geslacht|Mannen en vrouwen"";""aantal"";""359"""
"Vessem, Wintelre en Knegsel;""Overledenen: geslacht|Mannen en vrouwen"";""aantal"";"""""
"Vianen;""Overledenen: geslacht|Mannen en vrouwen"";""aantal"";"""""
"Vierlingsbeek;""Overledenen: geslacht|Mannen en vrouwen"";""aantal"";"""""
"Vijfheerenlanden;""Overledenen: geslacht|Mannen en vrouwen"";""aantal"";""531"""
"Vinkeveen en Waverveen;""Overledenen: geslacht|Mannen en vrouwen"";""aantal"";"""""
"Vlaardingen;""Overledenen: geslacht|Mannen en vrouwen"";""aantal"";""809"""
"Vlagtwedde;""Overledenen: geslacht|Mannen en vrouwen"";""aantal"";"""""
"Vledder;""Overledenen: geslacht|Mannen en vrouwen"";""aantal"";"""""
"Vleuten-De Meern;""Overledenen: geslacht|Mannen en vrouwen"";""aantal"";"""""
"Vlieland;""Overledenen: geslacht|Mannen en vrouwen"";""aantal"";""11"""
"Vlijmen;""Overledenen: geslacht|Mannen en vrouwen"";""aantal"";"""""
"Vlissingen;""Overledenen: geslacht|Mannen en vrouwen"";""aantal"";""458"""
"Vlist;""Overledenen: geslacht|Mannen en vrouwen"";""aantal"";"""""
"Vlodrop;""Overledenen: geslacht|Mannen en vrouwen"";""aantal"";"""""
"Voerendaal;""Overledenen: geslacht|Mannen en vrouwen"";""aantal"";""121"""
"Voorburg;""Overledenen: geslacht|Mannen en vrouwen"";""aantal"";"""""
"Voorhout;""Overledenen: geslacht|Mannen en vrouwen"";""aantal"";"""""
"Voorschoten;""Overledenen: geslacht|Mannen en vrouwen"";""aantal"";""235"""
"Voorst;""Overledenen: geslacht|Mannen en vrouwen"";""aantal"";""251"""
"Vorden;""Overledenen: geslacht|Mannen en vrouwen"";""aantal"";"""""
"Vries;""Overledenen: geslacht|Mannen en vrouwen"";""aantal"";"""""
"Vriezenveen;""Overledenen: geslacht|Mannen en vrouwen"";""aantal"";"""""
"Vught;""Overledenen: geslacht|Mannen en vrouwen"";""aantal"";""295"""
"Waadhoeke;""Overledenen: geslacht|Mannen en vrouwen"";""aantal"";""439"""
"Waalre;""Overledenen: geslacht|Mannen en vrouwen"";""aantal"";""172"""
"Waalwijk;""Overledenen: geslacht|Mannen en vrouwen"";""aantal"";""438"""
"Waddinxveen;""Overledenen: geslacht|Mannen en vrouwen"";""aantal"";""194"""
"Wageningen;""Overledenen: geslacht|Mannen en vrouwen"";""aantal"";""395"""
"Wanroij;""Overledenen: geslacht|Mannen en vrouwen"";""aantal"";"""""
"Warffum;""Overledenen: geslacht|Mannen en vrouwen"";""aantal"";"""""
"Warmenhuizen;""Overledenen: geslacht|Mannen en vrouwen"";""aantal"";"""""
"Warmond;""Overledenen: geslacht|Mannen en vrouwen"";""aantal"";"""""
"Warnsveld;""Overledenen: geslacht|Mannen en vrouwen"";""aantal"";"""""
"Waspik;""Overledenen: geslacht|Mannen en vrouwen"";""aantal"";"""""
"Wassenaar;""Overledenen: geslacht|Mannen en vrouwen"";""aantal"";""345"""
"Wateringen;""Overledenen: geslacht|Mannen en vrouwen"";""aantal"";"""""
"Waterland;""Overledenen: geslacht|Mannen en vrouwen"";""aantal"";""156"""
"Weerselo;""Overledenen: geslacht|Mannen en vrouwen"";""aantal"";"""""
"Weert;""Overledenen: geslacht|Mannen en vrouwen"";""aantal"";""504"""
"Weesp;""Overledenen: geslacht|Mannen en vrouwen"";""aantal"";""225"""
"Wehl;""Overledenen: geslacht|Mannen en vrouwen"";""aantal"";"""""
"Werkendam;""Overledenen: geslacht|Mannen en vrouwen"";""aantal"";"""""
"Wervershoof;""Overledenen: geslacht|Mannen en vrouwen"";""aantal"";"""""
"Wessem;""Overledenen: geslacht|Mannen en vrouwen"";""aantal"";"""""
"West Betuwe;""Overledenen: geslacht|Mannen en vrouwen"";""aantal"";""368"""
"West Maas en Waal;""Overledenen: geslacht|Mannen en vrouwen"";""aantal"";""177"""
"Westerbork;""Overledenen: geslacht|Mannen en vrouwen"";""aantal"";"""""
"Westerhoven;""Overledenen: geslacht|Mannen en vrouwen"";""aantal"";"""""
"Wester-Koggenland;""Overledenen: geslacht|Mannen en vrouwen"";""aantal"";"""""
"Westerkwartier;""Overledenen: geslacht|Mannen en vrouwen"";""aantal"";""562"""
"Westerschouwen;""Overledenen: geslacht|Mannen en vrouwen"";""aantal"";"""""
"Westerveld;""Overledenen: geslacht|Mannen en vrouwen"";""aantal"";""234"""
"Westervoort;""Overledenen: geslacht|Mannen en vrouwen"";""aantal"";""105"""
"Westerwolde;""Overledenen: geslacht|Mannen en vrouwen"";""aantal"";""293"""
"Westkapelle;""Overledenen: geslacht|Mannen en vrouwen"";""aantal"";"""""
"Westland;""Overledenen: geslacht|Mannen en vrouwen"";""aantal"";""775"""
"Weststellingwerf;""Overledenen: geslacht|Mannen en vrouwen"";""aantal"";""286"""
"Westvoorne;""Overledenen: geslacht|Mannen en vrouwen"";""aantal"";""160"""
"Wierden;""Overledenen: geslacht|Mannen en vrouwen"";""aantal"";""222"""
"Wieringen;""Overledenen: geslacht|Mannen en vrouwen"";""aantal"";"""""
"Wieringermeer;""Overledenen: geslacht|Mannen en vrouwen"";""aantal"";"""""
"Wijchen;""Overledenen: geslacht|Mannen en vrouwen"";""aantal"";""346"""
"Wijdemeren;""Overledenen: geslacht|Mannen en vrouwen"";""aantal"";""270"""
"Wijdewormer;""Overledenen: geslacht|Mannen en vrouwen"";""aantal"";"""""
"Wijhe;""Overledenen: geslacht|Mannen en vrouwen"";""aantal"";"""""
"De Wijk;""Overledenen: geslacht|Mannen en vrouwen"";""aantal"";"""""
"Wijk bij Duurstede;""Overledenen: geslacht|Mannen en vrouwen"";""aantal"";""166"""
"Willemstad;""Overledenen: geslacht|Mannen en vrouwen"";""aantal"";"""""
"Willeskop;""Overledenen: geslacht|Mannen en vrouwen"";""aantal"";"""""
"Wilnis;""Overledenen: geslacht|Mannen en vrouwen"";""aantal"";"""""
"Winschoten;""Overledenen: geslacht|Mannen en vrouwen"";""aantal"";"""""
"Winsum;""Overledenen: geslacht|Mannen en vrouwen"";""aantal"";"""""
"Winterswijk;""Overledenen: geslacht|Mannen en vrouwen"";""aantal"";""299"""
"Wisch;""Overledenen: geslacht|Mannen en vrouwen"";""aantal"";"""""
"Wissenkerke;""Overledenen: geslacht|Mannen en vrouwen"";""aantal"";"""""
"Wittem;""Overledenen: geslacht|Mannen en vrouwen"";""aantal"";"""""
"Woensdrecht;""Overledenen: geslacht|Mannen en vrouwen"";""aantal"";""213"""
"Woerden;""Overledenen: geslacht|Mannen en vrouwen"";""aantal"";""402"""
"Wognum;""Overledenen: geslacht|Mannen en vrouwen"";""aantal"";"""""
"De Wolden;""Overledenen: geslacht|Mannen en vrouwen"";""aantal"";""226"""
"Wormer;""Overledenen: geslacht|Mannen en vrouwen"";""aantal"";"""""
"Wormerland;""Overledenen: geslacht|Mannen en vrouwen"";""aantal"";""123"""
"Woubrugge;""Overledenen: geslacht|Mannen en vrouwen"";""aantal"";"""""
"Woudenberg;""Overledenen: geslacht|Mannen en vrouwen"";""aantal"";""106"""
"Woudrichem;""Overledenen: geslacht|Mannen en vrouwen"";""aantal"";"""""
"Wouw;""Overledenen: geslacht|Mannen en vrouwen"";""aantal"";"""""
"Wûnseradiel;""Overledenen: geslacht|Mannen en vrouwen"";""aantal"";"""""
"Wymbritseradiel;""Overledenen: geslacht|Mannen en vrouwen"";""aantal"";"""""
"Zaanstad;""Overledenen: geslacht|Mannen en vrouwen"";""aantal"";""1267"""
"Zaltbommel;""Overledenen: geslacht|Mannen en vrouwen"";""aantal"";""210"""
"'t Zandt;""Overledenen: geslacht|Mannen en vrouwen"";""aantal"";"""""
"Zandvoort;""Overledenen: geslacht|Mannen en vrouwen"";""aantal"";""226"""
"Zederik;""Overledenen: geslacht|Mannen en vrouwen"";""aantal"";"""""
"Zeeland;""Overledenen: geslacht|Mannen en vrouwen"";""aantal"";"""""
"Zeevang;""Overledenen: geslacht|Mannen en vrouwen"";""aantal"";"""""
"Zeewolde;""Overledenen: geslacht|Mannen en vrouwen"";""aantal"";""103"""
"Zegveld;""Overledenen: geslacht|Mannen en vrouwen"";""aantal"";"""""
"Zeist;""Overledenen: geslacht|Mannen en vrouwen"";""aantal"";""742"""
"Zelhem;""Overledenen: geslacht|Mannen en vrouwen"";""aantal"";"""""
"Zevenaar;""Overledenen: geslacht|Mannen en vrouwen"";""aantal"";""464"""
"Zevenbergen;""Overledenen: geslacht|Mannen en vrouwen"";""aantal"";"""""
"Zevenhoven;""Overledenen: geslacht|Mannen en vrouwen"";""aantal"";"""""
"Zevenhuizen;""Overledenen: geslacht|Mannen en vrouwen"";""aantal"";"""""
"Zevenhuizen-Moerkapelle;""Overledenen: geslacht|Mannen en vrouwen"";""aantal"";"""""
"Zierikzee;""Overledenen: geslacht|Mannen en vrouwen"";""aantal"";"""""
"Zijpe;""Overledenen: geslacht|Mannen en vrouwen"";""aantal"";"""""
"Zoetermeer;""Overledenen: geslacht|Mannen en vrouwen"";""aantal"";""903"""
"Zoeterwoude;""Overledenen: geslacht|Mannen en vrouwen"";""aantal"";""68"""
"Zuidhorn;""Overledenen: geslacht|Mannen en vrouwen"";""aantal"";"""""
"Zuidlaren;""Overledenen: geslacht|Mannen en vrouwen"";""aantal"";"""""
"Zuidplas;""Overledenen: geslacht|Mannen en vrouwen"";""aantal"";""273"""
"Zuidwolde;""Overledenen: geslacht|Mannen en vrouwen"";""aantal"";"""""
"Zundert;""Overledenen: geslacht|Mannen en vrouwen"";""aantal"";""234"""
"Zutphen;""Overledenen: geslacht|Mannen en vrouwen"";""aantal"";""498"""
"Zwartewaterland;""Overledenen: geslacht|Mannen en vrouwen"";""aantal"";""175"""
"Zwartsluis;""Overledenen: geslacht|Mannen en vrouwen"";""aantal"";"""""
"Zweeloo;""Overledenen: geslacht|Mannen en vrouwen"";""aantal"";"""""
"Zwijndrecht;""Overledenen: geslacht|Mannen en vrouwen"";""aantal"";""471"""
"Zwolle;""Overledenen: geslacht|Mannen en vrouwen"";""aantal"";""953"""
