Regio's;Aa en Hunze;Aalburg;Aalsmeer;Aalten;Abcoude;Achtkarspelen;Alblasserdam;Albrandswaard;Alkemade;Alkmaar;Almelo;Almere;Alphen aan den Rijn;Alphen-Chaam;Altena;Ameland;Amersfoort;Amstelveen;Amsterdam;Andijk;Anna Paulowna;Apeldoorn;Appingedam;Arcen en Velden;Arnhem;Assen;Asten;Baarle-Nassau;Baarn;Barendrecht;Barneveld;Bedum;Beek (L.);Beekdaelen;Beemster;Beesel;Bellingwedde;Bennebroek;Berg en Dal;Bergambacht;Bergeijk;Bergen (L.);Bergen (NH.);Bergen op Zoom;Berkelland;Bernheze;Bernisse;Best;Beuningen;Beverwijk;het Bildt;De Bilt;Binnenmaas;Bladel;Blaricum;Bloemendaal;Boarnsterhim;Bodegraven;Bodegraven-Reeuwijk;Boekel;Ten Boer;Bolsward;Borger-Odoorn;Borne;Borsele;Boskoop;Boxmeer;Boxtel;Breda;Breukelen;Brielle;Bronckhorst;Brummen;Brunssum;Bunnik;Bunschoten;Buren;Bussum;Capelle aan den IJssel;Castricum;Coevorden;Cranendonck;Cromstrijen;Cuijk;Culemborg;Dalfsen;Dantumadeel;Dantumadiel;Delft;Delfzijl;Deurne;Deventer;Diemen;Dinkelland;Dirksland;Doesburg;Doetinchem;Dongen;Dongeradeel;Dordrecht;Drechterland;Drimmelen;Dronten;Druten;Duiven;Echt-Susteren;Edam-Volendam;Ede;Eemnes;Eemsmond;Eersel;Eijsden;Eijsden-Margraten;Eindhoven;Elburg;Emmen;Enkhuizen;Enschede;Epe;Ermelo;Etten-Leur;Ferwerderadiel;Franekeradeel;De Friese Meren;De Fryske Marren;Gaasterlân-Sleat;Geertruidenberg;Geldermalsen;Geldrop-Mierlo;Gemert-Bakel;Gennep;Giessenlanden;Gilze en Rijen;Goedereede;Goeree-Overflakkee;Goes;Goirle;Gooise Meren;Gorinchem;Gouda;Graafstroom;Graft-De Rijp;Grave;'s-Gravenhage (gemeente);Groesbeek;Groningen (gemeente);Grootegast;Gulpen-Wittem;Haaksbergen;Haaren;Haarlem;Haarlemmerliede en Spaarnwoude;Haarlemmermeer;Halderberge;Hardenberg;Harderwijk;Hardinxveld-Giessendam;Haren;Harenkarspel;Harlingen;Hattem;Heemskerk;Heemstede;Heerde;Heerenveen;Heerhugowaard;Heerlen;Heeze-Leende;Heiloo;Helden;Den Helder;Hellendoorn;Hellevoetsluis;Helmond;Hendrik-Ido-Ambacht;Hengelo (O.);'s-Hertogenbosch;Heumen;Heusden;Hillegom;Hilvarenbeek;Hilversum;Hoeksche Waard;Hof van Twente;Het Hogeland;Hollands Kroon;Hoogeveen;Hoogezand-Sappemeer;Hoorn;Horst aan de Maas;Houten;Huizen;Hulst;IJsselstein;Jacobswoude;Kaag en Braassem;Kampen;Kapelle;Katwijk;Kerkrade;Kessel;Koggenland;Kollumerland en Nieuwkruisland;Korendijk;Krimpen aan den IJssel;Krimpenerwaard;Laarbeek;Landerd;Landgraaf;Landsmeer;Langedijk;Lansingerland;Laren (NH.);Leek;Leerdam;Leeuwarden;Leeuwarderadeel;Leiden;Leiderdorp;Leidschendam-Voorburg;Lelystad;Lemsterland;Leudal;Leusden;Liesveld;Lingewaal;Lingewaard;Lisse;Lith;Littenseradiel;Lochem;Loenen;Loon op Zand;Lopik;Loppersum;Losser;Maarssen;Maasbree;Maasdonk;Maasdriel;Maasgouw;Maassluis;Maastricht;Margraten;De Marne;Marum;Medemblik;Meerlo-Wanssum;Meerssen;Meierijstad;Meijel;Menaldumadeel;Menameradiel;Menterwolde;Meppel;Middelburg (Z.);Middelharnis;Midden-Delfland;Midden-Drenthe;Midden-Groningen;Mill en Sint Hubert;Millingen aan de Rijn;Moerdijk;Molenlanden;Molenwaard;Montferland;Montfoort;Mook en Middelaar;Moordrecht;Muiden;Naarden;Neder-Betuwe;Nederlek;Nederweert;Neerijnen;Niedorp;Nieuwegein;Nieuwerkerk aan den IJssel;Nieuwkoop;Nieuw-Lekkerland;Nijefurd;Nijkerk;Nijmegen;Nissewaard;Noardeast-Fryslân;Noord-Beveland;Noordenveld;Noordoostpolder;Noordwijk;Noordwijkerhout;Nuenen, Gerwen en Nederwetten;Nunspeet;Nuth;Oegstgeest;Oirschot;Oisterwijk;Oldambt;Oldebroek;Oldenzaal;Olst-Wijhe;Ommen;Onderbanken;Oost Gelre;Oosterhout;Oostflakkee;Ooststellingwerf;Oostzaan;Opmeer;Opsterland;Oss;Oud-Beijerland;Oude IJsselstreek;Ouder-Amstel;Ouderkerk;Oudewater;Overbetuwe;Papendrecht;Peel en Maas;Pekela;Pijnacker-Nootdorp;Purmerend;Putten;Raalte;Reeuwijk;Reiderland;Reimerswaal;Renkum;Renswoude;Reusel-De Mierden;Rheden;Rhenen;Ridderkerk;Rijnwaarden;Rijnwoude;Rijssen-Holten;Rijswijk (ZH.);Roerdalen;Roermond;De Ronde Venen;Roosendaal;Rotterdam;Rozenburg;Rozendaal;Rucphen;Schagen;Scheemda;Schermer;Scherpenzeel;Schiedam;Schiermonnikoog;Schijndel;Schinnen;Schoonhoven;Schouwen-Duiveland;Sevenum;Simpelveld;Sint Anthonis;Sint-Michielsgestel;Sint-Oedenrode;Sittard-Geleen;Skarsterlân;Sliedrecht;Slochteren;Sluis;Smallingerland;Sneek;Soest;Someren;Son en Breugel;Spijkenisse;Stadskanaal;Staphorst;Stede Broec;Steenbergen;Steenwijkerland;Stein (L.);Stichtse Vecht;Strijen;Súdwest-Fryslân;Terneuzen;Terschelling;Texel;Teylingen;Tholen;Tiel;Tilburg;Tubbergen;Twenterand;Tynaarlo;Tytsjerksteradiel;Ubbergen;Uden;Uitgeest;Uithoorn;Urk;Utrecht (gemeente);Utrechtse Heuvelrug;Vaals;Valkenburg aan de Geul;Valkenswaard;Veendam;Veenendaal;Veere;Veghel;Veldhoven;Velsen;Venlo;Venray;Vianen;Vijfheerenlanden;Vlaardingen;Vlagtwedde;Vlieland;Vlissingen;Vlist;Voerendaal;Voorschoten;Voorst;Vught;Waadhoeke;Waalre;Waalwijk;Waddinxveen;Wageningen;Wassenaar;Waterland;Weert;Weesp;Werkendam;Wervershoof;West Betuwe;West Maas en Waal;Westerkwartier;Westerveld;Westervoort;Westerwolde;Westland;Weststellingwerf;Westvoorne;Wierden;Wieringen;Wieringermeer;Wijchen;Wijdemeren;Wijk bij Duurstede;Winschoten;Winsum;Winterswijk;Woensdrecht;Woerden;De Wolden;Wormerland;Woudenberg;Woudrichem;Wûnseradiel;Wymbritseradiel;Zaanstad;Zaltbommel;Zandvoort;Zederik;Zeevang;Zeewolde;Zeist;Zevenaar;Zevenhuizen-Moerkapelle;Zijpe;Zoetermeer;Zoeterwoude;Zuidhorn;Zuidplas;Zundert;Zutphen;Zwartewaterland;Zwijndrecht;Zwolle;Buitenland;Niet-gemeentelijk ingedeeld;"Gemeenten; niet in te delen"
A Landbouw, bosbouw en visserij;290;;130;340;;210;15;30;;205;125;95;785;245;400;45;85;85;115;;;295;35;;50;75;260;205;30;35;700;;35;150;185;55;;;160;;235;160;125;135;795;380;;80;85;20;;120;;175;10;15;;;260;215;;;320;50;370;;285;140;210;;95;720;115;10;100;70;415;;20;80;440;150;;140;55;495;;155;90;180;440;310;5;575;;15;200;120;;95;265;265;620;120;60;210;110;905;65;;225;;185;50;130;460;40;185;225;120;165;;;;665;;55;;55;395;105;;135;;475;135;65;50;20;25;;;65;2120;;195;;155;280;210;25;;365;235;785;65;40;;;65;40;90;15;95;295;130;20;175;35;;85;310;85;60;15;105;190;75;190;85;260;25;480;605;670;900;220;;25;615;150;10;320;50;;305;405;110;130;15;;295;;;5;380;170;215;25;35;60;365;5;;;340;;20;20;95;180;;445;105;;;235;70;;;455;;90;250;200;245;;;;300;65;60;50;;;;485;;60;665;;;;;105;105;;220;585;405;150;;255;455;;260;105;20;;;;370;;330;;;15;;360;;;210;45;95;660;150;220;1185;265;;65;175;;10;285;150;230;230;25;280;335;;360;130;;380;20;130;370;445;;385;40;;125;300;10;595;65;275;10;300;550;;;280;30;95;240;60;100;65;;;220;55;175;80;280;250;370;;0;205;480;;;65;100;10;;;;430;;45;405;180;;90;;10;;490;195;;40;295;60;;165;410;95;280;600;30;235;;1030;360;35;290;140;350;70;130;545;270;170;265;;215;25;120;100;80;200;35;70;75;85;30;330;;50;35;205;495;;380;70;;0;45;;75;25;305;45;600;20;115;115;55;35;110;200;45;;;600;235;740;315;10;380;1555;410;115;255;;;150;80;135;;;325;130;270;475;75;105;;;;95;300;0;;;335;25;165;;;80;65;;220;480;60;180;30;160;;;
B Delfstoffenwinning;0;;0;0;;0;0;0;;5;0;5;0;0;0;0;5;5;20;;;0;0;;0;5;0;0;0;0;0;;0;0;0;0;;;0;;0;0;5;0;0;0;;0;5;0;;0;;0;0;0;;;0;0;;;10;0;0;;0;0;5;;0;0;0;0;0;0;0;;5;5;5;0;;5;0;0;;0;5;0;0;0;0;0;;0;0;0;;5;0;0;0;0;0;0;0;5;0;;0;;0;5;0;20;0;0;0;0;0;;;;5;;0;;0;0;5;;0;;0;5;0;0;0;0;;;0;20;;0;;0;0;0;0;;5;0;5;0;0;;;5;0;0;0;0;0;5;5;0;5;;15;0;5;0;0;0;0;0;0;0;0;0;0;0;0;0;5;;0;0;0;0;0;0;;0;0;0;0;0;;0;;;0;0;0;0;0;0;5;0;0;;;0;;5;0;5;0;;0;0;;;0;0;;;0;;0;0;0;0;;;;0;5;0;0;;;;0;;0;0;;;;;0;0;;0;0;5;0;;0;0;;0;0;0;;;;5;;0;;;0;;0;;;0;5;0;0;0;0;0;0;;0;0;;0;0;0;0;5;0;0;0;;0;0;;0;0;0;0;0;;0;0;;0;0;5;0;0;0;0;0;0;;;0;0;0;0;0;0;0;;;0;5;0;0;0;0;30;;0;0;5;;;0;5;0;;;;0;;0;0;0;;0;;0;;0;5;;0;0;0;;0;0;0;0;0;0;0;;0;0;0;0;0;0;0;0;0;5;5;0;;0;0;0;0;5;0;0;0;0;5;0;5;;0;5;0;0;;0;0;;0;5;;0;0;0;0;0;0;0;0;0;0;0;0;0;;;0;0;0;0;0;0;5;5;0;0;;;0;0;0;;;0;0;0;0;0;0;;;;0;0;0;;;0;0;0;;;0;0;;0;0;0;0;5;0;;;
C Industrie;95;;170;185;;135;100;65;;435;320;590;455;60;420;15;475;195;3065;;;545;20;;450;190;130;65;75;170;465;;70;125;55;65;;;105;;185;80;120;285;205;170;;140;105;145;;120;;220;35;45;;;155;85;;;115;95;140;;125;135;705;;80;220;110;70;50;120;140;;190;105;165;165;;120;135;150;;80;335;85;230;320;80;150;;35;270;140;;435;120;140;195;100;95;150;160;555;45;;140;;120;830;80;390;135;565;145;120;205;;;;400;;175;;200;185;80;;160;;245;190;95;195;135;205;;;60;1305;;685;;55;145;70;500;;640;170;270;200;130;;;130;50;90;65;65;295;215;240;100;75;;135;140;175;435;95;355;625;65;285;70;85;275;405;225;195;285;235;;305;230;130;150;130;115;;150;240;75;180;135;;130;;;110;315;180;90;100;40;135;210;45;;;480;;295;55;145;320;;225;100;;;175;70;;;160;;150;75;45;90;;;;170;125;90;370;;;;280;;65;520;;;;;155;185;;80;130;245;85;;290;275;;160;75;40;;;;175;;150;;;175;;145;;;235;485;280;245;60;120;265;130;;125;120;;35;125;130;135;115;175;60;65;;165;295;;125;35;75;170;495;;230;65;;70;240;100;220;40;175;220;120;155;;;155;85;50;80;160;115;195;;;175;130;75;225;215;315;2365;;5;125;225;;;50;335;0;;;;210;;15;70;125;;345;;145;;125;285;;205;155;100;;125;120;75;145;250;100;220;;785;220;30;100;125;185;195;805;105;145;85;140;;230;65;110;150;955;175;35;45;180;100;270;95;;210;265;430;210;;255;215;;10;180;;45;60;120;85;255;70;365;125;120;45;90;280;120;;;305;150;280;95;35;130;525;140;55;105;;;240;170;105;;;150;120;240;120;100;45;;;;750;165;45;;;105;170;165;;;280;55;;210;100;160;175;165;360;;;
D Energievoorziening;0;;0;0;;0;0;0;;5;5;15;0;0;0;0;10;5;90;;;10;0;;15;0;0;0;0;5;5;;0;0;0;0;;;0;;0;0;5;0;5;0;;0;0;0;;0;;0;0;0;;;20;0;;;0;0;0;;0;0;10;;0;0;5;0;5;0;0;;5;0;5;0;;0;0;5;;0;10;5;0;0;0;5;;0;5;5;;5;0;0;30;0;0;0;0;5;0;;5;;0;20;0;0;0;10;0;0;0;;;;10;;0;;5;0;0;;0;;5;5;0;0;0;5;;;0;20;;15;;0;0;0;5;;10;5;5;0;0;;;0;0;5;0;0;20;5;5;0;5;;5;0;0;0;0;5;15;5;0;0;0;5;0;5;10;40;5;;0;0;5;0;0;0;;0;10;0;0;0;;5;;;0;0;0;0;0;0;5;10;0;;;20;;0;0;5;15;;5;0;;;5;0;;;0;;0;0;5;0;;;;0;0;0;5;;;;5;;0;0;;;;;5;5;;10;5;10;0;;5;0;;0;0;0;;;;5;;5;;;5;;0;;;0;10;0;20;5;5;30;0;;5;0;;0;0;0;5;0;0;0;0;;0;5;;0;0;5;0;5;;0;0;;0;5;5;5;0;0;0;0;5;;;0;5;0;0;5;0;5;;;5;0;0;0;0;5;65;;0;0;5;;;0;5;0;;;;5;;0;0;0;;10;;0;;0;5;;5;0;0;;0;0;0;0;5;0;0;;50;5;0;0;0;5;0;10;0;0;0;5;;5;0;0;0;20;0;0;0;5;0;0;5;;5;5;5;0;;0;0;;0;10;;0;0;0;5;20;0;5;5;0;0;5;0;0;;;5;0;10;0;0;0;20;0;0;5;;;5;0;0;;;0;0;5;0;0;0;;;;5;0;0;;;50;5;0;;;5;0;;0;0;0;0;0;15;;;
E Waterbedrijven en afvalbeheer;5;;5;0;;5;0;5;;15;10;20;10;0;5;0;10;10;130;;;20;0;;10;5;0;0;5;5;10;;0;5;0;5;;;10;;0;5;5;10;5;5;;5;10;45;;5;;5;5;5;;;5;0;;;0;5;15;;0;10;15;;0;10;10;10;0;5;0;;15;5;0;5;;5;5;5;;5;15;10;15;5;5;5;;0;10;10;;25;5;5;5;5;5;10;5;25;5;;5;;5;30;5;25;0;25;5;10;0;;;;20;;5;;5;10;0;;5;;5;5;0;10;5;5;;;0;100;;20;;0;0;0;10;;25;5;15;10;0;;;5;0;10;0;5;15;5;20;0;5;;5;0;0;20;5;15;25;5;10;0;5;10;10;10;5;10;10;;5;5;0;5;5;5;;0;10;5;5;5;;5;;;0;5;5;5;5;0;0;15;0;;;15;;5;5;5;15;;10;5;;;5;0;;;0;;0;5;0;0;;;;5;5;5;20;;;;10;;5;15;;;;;10;0;;5;5;15;0;;20;10;;5;0;0;;;;5;;5;;;10;;10;;;10;45;10;0;0;5;10;10;;5;5;;0;0;0;5;0;5;0;0;;10;10;;0;0;5;5;25;;5;0;;5;5;5;10;0;5;10;5;5;;;5;5;0;0;10;0;5;;;5;5;5;10;15;15;140;;0;5;15;;;0;20;0;;;;5;;0;5;0;;15;;0;;0;15;;15;10;5;;5;10;0;5;10;0;5;;5;10;0;5;0;5;10;15;5;5;0;10;;15;5;10;5;30;5;0;0;0;5;5;0;;5;15;20;10;;10;15;;0;5;;0;0;5;0;5;0;15;0;0;5;0;10;0;;;10;0;15;5;5;5;30;10;5;0;;;10;5;0;;;5;0;10;0;0;5;;;;30;10;5;;;5;5;10;;;25;0;;5;0;10;5;5;20;;;
F Bouwnijverheid;230;;370;250;;515;265;190;;1325;620;1840;1260;140;965;50;1035;435;6310;;;1125;60;;1035;365;220;100;300;430;1175;;140;315;140;90;;;425;;335;115;375;550;390;515;;270;290;610;;375;;335;100;120;;;610;210;;;270;155;280;;200;400;1555;;165;440;140;230;170;315;435;;565;450;315;310;;170;205;240;;290;800;155;440;545;275;250;;65;455;290;;1345;320;325;350;200;195;290;1355;1555;175;;280;;255;1640;345;1025;325;875;330;280;410;;;;735;;265;;495;490;165;;260;;575;305;255;585;415;840;;;130;10155;;1145;;130;220;185;1850;;1870;375;675;480;370;;;165;90;405;205;185;415;715;545;200;205;;395;300;285;1015;285;480;1985;145;655;270;200;1190;885;345;435;845;580;;1010;315;385;535;170;325;;405;670;120;680;310;;510;;;310;915;360;265;295;175;415;650;105;;;845;;1195;280;630;855;;320;225;;;515;245;;;240;;300;370;105;170;;;;600;200;360;610;;;;1030;;160;1450;;;;;210;330;;225;330;525;150;;415;715;;425;220;70;;;;395;;230;;;695;;545;;;555;1135;665;535;110;280;465;530;;200;430;;130;235;330;285;515;165;160;175;;290;560;;260;155;300;355;1360;;370;125;;205;455;300;365;110;560;810;420;280;;;315;235;110;260;355;295;520;;;465;620;150;425;660;705;6255;;10;580;790;;;180;1170;10;;;;475;;95;110;540;;675;;255;;175;510;;580;360;175;;310;320;320;280;515;200;765;;1060;345;75;200;340;395;385;1845;270;450;225;340;;520;185;340;310;2060;515;60;135;340;215;555;355;;420;1005;640;320;;855;825;;15;295;;90;225;215;325;540;125;680;365;170;220;205;380;210;;;790;305;790;215;145;275;2040;360;135;235;;;470;430;310;;;290;220;655;285;230;185;;;;2360;470;245;;;205;460;370;;;1035;135;;555;300;280;270;505;675;;;
G Handel;340;;850;395;;575;370;300;;1810;1325;3065;1715;175;1190;65;2210;1355;15340;;;2690;135;;2225;980;285;175;410;910;1140;;320;465;140;175;;;410;;360;155;530;985;670;505;;480;415;995;;535;;400;185;315;;;645;185;;;400;380;310;;455;470;3195;;275;650;340;310;195;605;555;;960;480;590;375;;390;460;465;;315;1110;290;580;1415;460;505;;175;1105;430;;1805;265;445;760;295;420;590;615;1895;175;;315;;360;3540;380;1875;315;2565;580;475;735;;;;930;;355;;545;475;270;;425;;840;740;380;1050;635;955;;;170;7355;;2865;;180;405;210;2485;;3175;520;1025;800;250;;;250;170;545;435;260;865;890;1285;300;325;;590;585;510;1455;435;1450;2830;245;820;400;280;1365;1625;655;580;765;1080;;1120;555;630;625;380;455;;435;830;205;1080;590;;320;;;415;920;370;285;425;200;450;1105;320;;;1840;;1465;340;850;1310;;560;425;;;650;475;;;550;;470;210;105;410;;;;605;345;435;1850;;;;700;;240;1445;;;;;590;670;;255;515;840;195;;780;650;;560;260;85;;;;470;;340;;;975;;445;;;935;2265;935;700;120;495;800;840;;425;515;;255;355;575;650;350;570;255;315;;485;1030;;420;155;195;510;1555;;635;305;;220;875;450;680;170;640;1130;460;575;;;380;425;110;220;590;345;820;;;685;710;260;1130;840;1315;9590;;15;405;765;;;175;1085;20;;;;595;;105;175;420;;1440;;380;;560;895;;850;405;330;;550;320;265;370;750;315;985;;1540;730;105;300;530;385;765;3165;405;580;465;425;;850;210;540;370;4330;670;120;245;610;405;1205;325;;675;990;1835;630;;925;915;;35;465;;160;340;440;380;690;255;1135;485;385;365;210;855;370;;;930;385;1000;275;170;355;2045;480;245;470;;;680;515;305;;;520;335;955;435;180;185;;;;2155;585;305;;;490;910;665;;;1570;155;;790;340;745;435;610;1915;;;
H Vervoer en opslag;40;;120;25;;80;95;175;;210;125;780;245;15;420;25;285;255;5410;;;285;30;;310;100;35;20;35;240;180;;80;60;40;30;;;45;;45;30;45;125;50;65;;65;75;145;;80;;40;15;30;;;105;35;;;65;20;90;;55;50;525;;55;45;30;35;25;35;130;;270;60;70;35;;65;65;60;;35;165;215;70;110;160;50;;20;90;50;;470;55;100;95;45;65;70;65;255;15;;55;;40;615;50;180;55;205;60;40;115;;;;225;;90;;65;60;35;;75;;160;115;35;90;110;170;;;15;1500;;395;;20;35;35;395;;1065;100;125;90;85;;;145;10;70;40;25;135;130;155;35;30;;100;40;100;150;155;155;350;35;90;60;35;175;285;45;135;140;95;;155;75;95;80;85;65;;85;125;55;120;75;;50;;;170;220;50;35;60;60;65;175;15;;;235;;225;40;135;215;;80;35;;;90;40;;;50;;40;65;30;30;;;;120;260;95;205;;;;115;;40;160;;;;;90;90;;35;55;125;25;;205;200;;65;45;10;;;;90;;35;;;235;;95;;;100;325;210;105;20;65;130;95;;35;65;;30;55;45;100;70;75;25;40;;40;170;;55;40;25;65;220;;55;80;;55;135;105;85;25;110;280;50;45;;;105;30;20;35;45;35;260;;;55;130;40;145;115;220;3150;;0;75;105;;;30;250;5;;;;125;;10;25;35;;165;;110;;85;115;;90;55;35;;65;50;30;70;85;65;185;;280;285;30;50;60;70;115;385;35;45;50;75;;75;15;95;130;980;60;10;25;50;50;150;50;;60;200;275;90;;185;185;;15;110;;10;45;55;40;130;25;120;90;30;50;60;90;75;;;195;70;150;25;40;65;345;50;30;30;;;110;65;55;;;40;40;120;85;50;25;;;;695;120;35;;;50;130;95;;;260;30;;160;55;65;95;425;255;;;
J Informatie en communicatie;105;;210;60;;60;85;95;;645;245;1655;625;35;180;10;1365;770;13105;;;815;15;;1090;300;55;25;245;300;235;;75;130;40;40;;;130;;70;35;155;210;130;105;;135;120;160;;320;;70;120;140;;;170;30;;;75;75;45;;75;125;1160;;65;105;70;55;115;65;95;;430;185;80;65;;70;160;75;;30;875;35;95;540;250;55;;40;225;80;;495;65;105;175;55;150;110;130;615;70;;60;;85;1855;80;310;70;900;105;105;180;;;;175;;80;;125;90;35;;105;;155;145;95;615;175;410;;;35;3490;;1815;;35;80;45;1490;;1090;110;145;220;65;;;55;40;150;175;60;220;260;305;80;140;;125;95;95;340;135;460;1125;90;205;90;60;1255;325;115;150;125;160;;370;125;405;335;65;195;;120;175;40;180;90;;90;;;85;205;70;40;75;85;95;355;115;;;665;;930;180;415;450;;100;235;;;110;95;;;160;;80;45;30;55;;;;85;80;130;530;;;;165;;60;280;;;;;145;130;;90;95;190;25;;135;135;;110;60;35;;;;55;;55;;;485;;115;;;235;1070;225;90;20;120;165;225;;135;120;;125;80;105;95;60;120;65;50;;95;245;;55;50;40;90;320;;105;215;;25;190;135;110;25;315;355;105;120;;;35;195;15;35;215;85;165;;;120;385;55;195;285;265;4010;;10;60;150;;;30;295;5;;;;120;;35;35;145;;335;;85;;55;190;;320;50;110;;80;30;60;65;140;55;405;;325;100;15;60;190;70;180;995;60;60;150;80;;160;60;175;45;4220;325;35;55;120;60;370;50;;200;255;330;145;;260;230;;5;115;;35;125;100;140;105;95;150;135;230;120;110;205;170;;;250;70;260;70;65;45;420;80;50;55;;;145;195;100;;;75;50;340;80;65;55;;;;720;125;105;;;165;405;160;;;790;40;;235;60;225;70;170;820;;;
